{"type":"FeatureCollection","features":[{"type":"Feature","properties":{"id":"freedoma"},"geometry":{"type":"MultiPolygon","coordinates":[[[[-132.746875,56.525684],[-132.757617,56.511035],[-132.884717,56.512451],[-132.930811,56.524463],[-132.948047,56.567236],[-132.93623,56.606836],[-132.906543,56.637402],[-132.870654,56.696387],[-132.842529,56.794775],[-132.655859,56.684717],[-132.598682,56.635742],[-132.567969,56.57583],[-132.634229,56.553467],[-132.714453,56.542529],[-132.746875,56.525684]]],[[[-132.779883,56.247266],[-132.830957,56.244141],[-132.891455,56.259424],[-133.03501,56.340918],[-133.037646,56.364844],[-133.01709,56.391992],[-132.935498,56.441797],[-132.902051,56.45376],[-132.706055,56.448486],[-132.643359,56.435156],[-132.629102,56.411914],[-132.632275,56.388281],[-132.652832,56.364355],[-132.657568,56.339307],[-132.646582,56.313184],[-132.669385,56.287305],[-132.779883,56.247266]]],[[[-134.312744,58.228906],[-134.319873,58.204102],[-134.45625,58.206543],[-134.593994,58.243115],[-134.661572,58.290918],[-134.647998,58.312402],[-134.519971,58.33252],[-134.398877,58.287207],[-134.312744,58.228906]]],[[[-145.118506,60.337109],[-145.150488,60.312646],[-145.237646,60.321338],[-145.284277,60.336816],[-145.128125,60.401123],[-145.102441,60.388232],[-145.118506,60.337109]]],[[[-144.565625,59.818408],[-144.613574,59.812646],[-144.541553,59.878223],[-144.444922,59.950684],[-144.353955,59.996191],[-144.235742,60.015186],[-144.248975,59.982129],[-144.403223,59.921094],[-144.565625,59.818408]]],[[[-148.021777,60.065332],[-148.07417,60.034717],[-148.271875,60.053271],[-148.230664,60.113525],[-148.07959,60.15166],[-147.914209,60.092334],[-148.021777,60.065332]]],[[[-152.020752,60.361719],[-152.069043,60.358057],[-152.004492,60.407422],[-151.959717,60.50376],[-151.899414,60.490381],[-151.887305,60.472705],[-151.986914,60.373975],[-152.020752,60.361719]]],[[[-160.329297,55.337695],[-160.343311,55.258789],[-160.480762,55.308984],[-160.51748,55.333838],[-160.49292,55.352344],[-160.362305,55.356982],[-160.329297,55.337695]]],[[[-159.362012,54.972412],[-159.394482,54.967334],[-159.421338,54.978125],[-159.458496,55.034961],[-159.461914,55.058789],[-159.39043,55.040869],[-159.363184,54.999512],[-159.362012,54.972412]]],[[[-159.515137,55.151855],[-159.52041,55.072168],[-159.534961,55.059619],[-159.561475,55.080908],[-159.617725,55.057324],[-159.648486,55.074561],[-159.6354,55.102344],[-159.639648,55.123975],[-159.597949,55.125684],[-159.588037,55.165332],[-159.595264,55.182031],[-159.574756,55.217725],[-159.545068,55.225977],[-159.515137,55.151855]]],[[[-166.209766,53.723291],[-166.223828,53.72041],[-166.249414,53.745166],[-166.250732,53.767773],[-166.234375,53.78418],[-166.187744,53.822461],[-166.154541,53.836133],[-166.113721,53.843066],[-166.102686,53.832812],[-166.138623,53.787402],[-166.18374,53.756885],[-166.209766,53.723291]]],[[[-176.008984,51.812354],[-176.093359,51.790479],[-176.204443,51.834814],[-176.193652,51.886279],[-176.071631,51.843311],[-176.008984,51.812354]]],[[[-166.109863,66.227441],[-166.148633,66.221826],[-166.146484,66.237158],[-166.03252,66.277734],[-165.822217,66.328076],[-165.829883,66.317139],[-165.942285,66.278174],[-166.109863,66.227441]]],[[[-171.463037,63.640039],[-171.447852,63.615674],[-171.343359,63.619629],[-171.196924,63.609131],[-171.034863,63.585498],[-170.874609,63.593994],[-170.67251,63.668848],[-170.551855,63.688477],[-170.43042,63.698828],[-170.299365,63.680615],[-170.171289,63.640918],[-170.121826,63.617529],[-170.082422,63.57666],[-170.056299,63.527197],[-170.017383,63.491748],[-169.777441,63.447998],[-169.624121,63.430566],[-169.587207,63.406592],[-169.554541,63.373486],[-169.427588,63.34834],[-169.295068,63.35752],[-169.221094,63.348584],[-168.996045,63.347314],[-168.716016,63.310596],[-168.761328,63.21377],[-168.852393,63.17124],[-169.109033,63.184912],[-169.364697,63.171143],[-169.47085,63.121289],[-169.559277,63.058203],[-169.571289,62.996777],[-169.622852,62.968555],[-169.676367,62.956104],[-169.719824,62.990088],[-169.777783,63.09375],[-169.818604,63.122363],[-169.863428,63.140381],[-169.988477,63.173145],[-170.115381,63.193848],[-170.1896,63.196338],[-170.243115,63.232275],[-170.272705,63.284277],[-170.323535,63.311133],[-170.42417,63.349268],[-170.5271,63.379297],[-170.848389,63.444385],[-170.954053,63.45293],[-171.06123,63.445898],[-171.176025,63.416211],[-171.287305,63.372168],[-171.401172,63.339258],[-171.519141,63.331982],[-171.631836,63.351221],[-171.737842,63.394238],[-171.790967,63.424707],[-171.819385,63.477246],[-171.81792,63.529834],[-171.803516,63.580518],[-171.746387,63.703076],[-171.646484,63.727002],[-171.463037,63.640039]]],[[[-166.135449,60.383545],[-166.043652,60.333936],[-165.994922,60.331152],[-165.840918,60.34624],[-165.784473,60.335596],[-165.729688,60.314209],[-165.695801,60.281543],[-165.689355,60.224121],[-165.714404,60.172852],[-165.706934,60.100586],[-165.712354,60.069336],[-165.630566,60.028369],[-165.605029,59.972803],[-165.591797,59.913135],[-165.769287,59.893213],[-165.946729,59.890039],[-166.099854,59.849609],[-166.131201,59.819775],[-166.106689,59.775439],[-166.14873,59.764111],[-166.187549,59.773828],[-166.261621,59.814893],[-166.342969,59.834424],[-166.627637,59.864648],[-166.985059,59.983887],[-167.138867,60.008545],[-167.295117,60.095703],[-167.436426,60.206641],[-167.344336,60.224463],[-167.251709,60.233545],[-166.836328,60.216992],[-166.784375,60.296436],[-166.730957,60.31626],[-166.598975,60.33877],[-166.475684,60.382764],[-166.420361,60.381689],[-166.363867,60.364746],[-166.246973,60.391162],[-166.184961,60.396777],[-166.135449,60.383545]]],[[[-152.898047,57.823926],[-152.89082,57.768994],[-152.850146,57.775684],[-152.69624,57.832275],[-152.616016,57.848877],[-152.511572,57.851465],[-152.42876,57.825684],[-152.411914,57.805908],[-152.419141,57.782324],[-152.4854,57.734424],[-152.482617,57.70332],[-152.411475,57.646094],[-152.236523,57.614893],[-152.215283,57.597705],[-152.216211,57.577002],[-152.33667,57.482227],[-152.380859,57.460107],[-152.412207,57.454785],[-152.630957,57.471826],[-152.831152,57.502881],[-152.912158,57.508154],[-152.940771,57.498096],[-152.997461,57.468945],[-152.956836,57.460352],[-152.781348,57.453418],[-152.719531,57.41084],[-152.692529,57.37959],[-152.679053,57.345117],[-152.714063,57.330957],[-152.789111,57.320654],[-152.879053,57.320801],[-152.990283,57.281982],[-153.051611,57.237646],[-153.274365,57.226367],[-153.443701,57.167187],[-153.503564,57.137988],[-153.524414,57.103076],[-153.588281,57.077686],[-153.732568,57.052344],[-153.646533,57.02959],[-153.633057,57.010352],[-153.631445,56.983691],[-153.643311,56.960742],[-153.757227,56.85835],[-153.972705,56.774219],[-154.027344,56.777979],[-154.050781,56.788477],[-154.07002,56.804541],[-154.07085,56.820654],[-153.793213,56.989502],[-153.804199,56.997803],[-153.879736,57.003516],[-153.999365,57.049951],[-154.083789,57.020068],[-154.102979,57.02124],[-154.080469,57.061035],[-154.025439,57.108496],[-154.035059,57.121826],[-154.065332,57.133691],[-154.134863,57.140771],[-154.24375,57.143018],[-154.324414,57.131787],[-154.376807,57.107031],[-154.381104,57.096533],[-154.269531,57.099463],[-154.239209,57.086865],[-154.209131,57.06333],[-154.19082,57.036133],[-154.184326,57.005322],[-154.207715,56.963818],[-154.260938,56.911768],[-154.338965,56.920898],[-154.498779,57.036572],[-154.569336,57.205908],[-154.705957,57.335352],[-154.712207,57.36626],[-154.673193,57.446094],[-154.535303,57.559424],[-154.387061,57.590479],[-154.281445,57.638086],[-154.179346,57.652441],[-154.116162,57.651221],[-154.029834,57.630713],[-153.99502,57.587305],[-154.015869,57.566895],[-154.00791,57.556152],[-153.947363,57.530078],[-153.881885,57.439014],[-153.80542,57.358203],[-153.75459,57.325342],[-153.687695,57.305127],[-153.756934,57.366846],[-153.797803,57.443262],[-153.818359,57.595605],[-153.838135,57.63584],[-153.799463,57.64668],[-153.690137,57.640723],[-153.693164,57.663428],[-153.808496,57.714746],[-153.879443,57.757178],[-153.906104,57.790771],[-153.904443,57.819873],[-153.841553,57.862842],[-153.805811,57.875098],[-153.768994,57.880371],[-153.695605,57.87124],[-153.662646,57.857813],[-153.568555,57.761084],[-153.524463,57.731006],[-153.487939,57.730957],[-153.454053,57.747021],[-153.422705,57.77915],[-153.39043,57.798389],[-153.357129,57.804688],[-153.252393,57.790479],[-153.21748,57.795752],[-153.200293,57.82002],[-153.201025,57.863281],[-153.175195,57.878857],[-153.168848,57.910645],[-153.225928,57.957617],[-153.160449,57.971973],[-152.943262,57.936035],[-152.850391,57.896777],[-152.898047,57.823926]]],[[[-130.025098,55.888232],[-130.074658,55.836035],[-130.111963,55.779785],[-130.137061,55.719385],[-130.146533,55.654492],[-130.14043,55.58501],[-130.12041,55.524414],[-130.059473,55.412305],[-130.039258,55.343604],[-130.036572,55.2979],[-130.171826,55.137012],[-130.218506,55.060254],[-130.214063,55.025879],[-130.312549,54.945947],[-130.493262,54.83418],[-130.575342,54.769678],[-130.61582,54.790918],[-130.849609,54.807617],[-130.934619,54.950391],[-130.979688,55.061182],[-131.047852,55.157666],[-131.045898,55.17959],[-130.983936,55.243945],[-130.750391,55.296973],[-130.748193,55.318018],[-130.835059,55.33208],[-130.855957,55.355127],[-130.879785,55.459521],[-130.873389,55.551123],[-130.879639,55.611816],[-130.918555,55.735986],[-130.977002,55.811963],[-131.127686,55.960156],[-131.140381,55.99751],[-131.074023,56.044385],[-131.032764,56.088086],[-131.287598,56.012109],[-131.635254,55.932227],[-131.78418,55.876562],[-131.815479,55.854199],[-131.826172,55.835352],[-131.799072,55.782812],[-131.803271,55.765967],[-131.833594,55.734912],[-131.869434,55.647168],[-131.94502,55.55415],[-131.983398,55.53501],[-132.118994,55.569775],[-132.15542,55.599561],[-132.223437,55.721045],[-132.20752,55.753418],[-132.157959,55.780664],[-132.090674,55.839551],[-132.005713,55.930078],[-131.843848,56.160107],[-131.738037,56.16123],[-131.551367,56.206787],[-131.844238,56.229639],[-131.887891,56.24165],[-131.927295,56.272998],[-131.962305,56.323682],[-132.021924,56.380078],[-132.133252,56.399854],[-132.182031,56.420654],[-132.255566,56.489111],[-132.30498,56.519873],[-132.332031,56.55791],[-132.33667,56.603125],[-132.357666,56.625879],[-132.434424,56.634131],[-132.475928,56.649658],[-132.487109,56.766406],[-132.639502,56.796436],[-132.701953,56.822266],[-132.802197,56.895166],[-132.829883,56.930615],[-132.838818,56.960205],[-132.814258,57.040723],[-132.824609,57.055811],[-132.913428,57.047461],[-133.465869,57.172168],[-133.43667,57.336865],[-133.538965,57.55415],[-133.64873,57.642285],[-133.626953,57.676514],[-133.603369,57.694678],[-133.554199,57.695068],[-133.342334,57.631104],[-133.142822,57.555127],[-133.117041,57.566211],[-133.435742,57.727051],[-133.515479,57.775146],[-133.535205,57.832959],[-133.536426,57.863867],[-133.511133,57.880127],[-133.212061,57.865674],[-133.194336,57.877686],[-133.497412,57.924658],[-133.559375,57.924463],[-133.625732,57.856982],[-133.657275,57.841016],[-133.722314,57.844238],[-133.744141,57.85459],[-133.821387,57.936377],[-133.894482,57.993262],[-134.031104,58.072168],[-134.056738,58.128369],[-134.06333,58.211084],[-134.045264,58.289258],[-133.933643,58.467871],[-133.888525,58.49873],[-133.876758,58.518164],[-133.911133,58.515234],[-133.943848,58.498291],[-134.036133,58.415332],[-134.131201,58.279346],[-134.208838,58.232959],[-134.257617,58.244189],[-134.331445,58.299609],[-134.485449,58.367188],[-134.663623,58.384717],[-134.776123,58.453857],[-134.942529,58.646289],[-134.964795,58.742188],[-134.986133,58.765625],[-135.076465,58.796777],[-135.131836,58.842871],[-135.217383,59.076611],[-135.330322,59.239063],[-135.358447,59.324902],[-135.348926,59.410059],[-135.363672,59.419434],[-135.402539,59.353076],[-135.412744,59.318457],[-135.484082,59.308691],[-135.416943,59.241504],[-135.400146,59.20791],[-135.43374,59.210693],[-135.502344,59.202295],[-135.386133,59.087549],[-135.334082,58.909619],[-135.257031,58.777734],[-135.20708,58.670898],[-135.18457,58.589746],[-135.151904,58.512207],[-135.062012,58.340869],[-135.049707,58.306787],[-135.060498,58.278906],[-135.090234,58.24585],[-135.141553,58.233398],[-135.302539,58.255908],[-135.363135,58.298291],[-135.449951,58.376123],[-135.571777,58.412061],[-135.873437,58.394238],[-135.897559,58.400195],[-135.896338,58.463818],[-135.861719,58.577051],[-135.889551,58.622705],[-136.045508,58.789111],[-136.043115,58.821631],[-135.826367,58.897949],[-135.931689,58.90376],[-136.016602,58.873975],[-136.049365,58.893213],[-136.100635,58.999854],[-136.133691,59.039551],[-136.150049,59.048096],[-136.159473,58.946777],[-136.123535,58.893457],[-136.118408,58.862598],[-136.12417,58.819629],[-136.146826,58.788818],[-136.186328,58.770166],[-136.22583,58.765479],[-136.299023,58.786914],[-136.380273,58.827295],[-136.451172,58.846338],[-136.477588,58.8625],[-136.511182,58.90708],[-136.566211,58.940918],[-136.830957,58.983838],[-136.989014,59.034473],[-137.002148,59.021143],[-136.952832,58.966943],[-136.948047,58.934912],[-136.987891,58.925146],[-137.059033,58.87373],[-137.038379,58.86665],[-136.963037,58.883545],[-136.879102,58.881543],[-136.740137,58.850195],[-136.613916,58.809277],[-136.568213,58.786328],[-136.549316,58.752393],[-136.533496,58.740234],[-136.410107,58.700635],[-136.404199,58.679785],[-136.48374,58.617676],[-136.319873,58.624463],[-136.224609,58.602246],[-136.102881,58.506299],[-136.061475,58.452734],[-136.055957,58.38418],[-136.08125,58.364209],[-136.129639,58.350391],[-136.462402,58.327979],[-136.582617,58.245215],[-136.607422,58.243994],[-136.698926,58.266455],[-136.86499,58.332422],[-137.071924,58.395215],[-137.543994,58.581201],[-137.556934,58.589941],[-137.5646,58.625879],[-137.59707,58.644238],[-137.661084,58.659912],[-137.75,58.70708],[-137.863721,58.785547],[-137.933984,58.846875],[-137.960889,58.891016],[-138.026904,58.941455],[-138.240723,59.046826],[-138.35249,59.087305],[-138.451318,59.110107],[-138.537158,59.115088],[-138.560303,59.12915],[-138.520703,59.152246],[-138.514893,59.165918],[-138.704199,59.187549],[-138.884326,59.236914],[-139.340967,59.375635],[-139.576807,59.462451],[-139.714453,59.503955],[-139.773291,59.527295],[-139.799121,59.54624],[-139.766064,59.566064],[-139.674121,59.586816],[-139.611621,59.610303],[-139.513037,59.698096],[-139.505566,59.726318],[-139.558496,59.790186],[-139.582178,59.848291],[-139.581152,59.880518],[-139.569141,59.912354],[-139.554102,59.933301],[-139.512305,59.953564],[-139.483008,59.96377],[-139.446875,59.956836],[-139.330957,59.877002],[-139.314648,59.847949],[-139.32002,59.738721],[-139.286719,59.610937],[-139.27627,59.620361],[-139.265625,59.662598],[-139.25874,59.743311],[-139.245703,59.78208],[-139.220801,59.819873],[-139.178857,59.839844],[-139.048291,59.828223],[-138.988086,59.83501],[-139.24248,59.892773],[-139.40249,60.000977],[-139.431445,60.012256],[-139.518945,60.01709],[-139.61167,59.973438],[-139.850195,59.830713],[-139.916895,59.805664],[-140.216748,59.72666],[-140.419824,59.710742],[-140.648389,59.723193],[-140.843164,59.748877],[-141.331934,59.873779],[-141.408301,59.902783],[-141.294629,59.980029],[-141.289941,60.00415],[-141.329541,60.082813],[-141.362158,60.105273],[-141.40874,60.117676],[-141.42168,60.108838],[-141.422168,60.085498],[-141.409717,60.042285],[-141.44707,60.019434],[-141.530176,59.994775],[-141.670166,59.969873],[-142.104102,60.033447],[-142.548584,60.086035],[-142.945654,60.096973],[-143.506104,60.055029],[-143.805078,60.012891],[-143.979492,60.008789],[-144.147217,60.016406],[-144.160937,60.045801],[-144.084277,60.063037],[-144.088525,60.084326],[-144.185498,60.150732],[-144.332617,60.191016],[-144.52998,60.205225],[-144.642969,60.224658],[-144.671582,60.249219],[-144.741406,60.272705],[-144.852441,60.295068],[-144.901318,60.335156],[-144.862451,60.45918],[-144.824414,60.533594],[-144.786572,60.584619],[-144.691113,60.669092],[-144.724414,60.662842],[-144.863086,60.600879],[-144.984033,60.536914],[-145.095996,60.453662],[-145.162695,60.415381],[-145.248291,60.380127],[-145.381787,60.388574],[-145.563135,60.440723],[-145.718457,60.467578],[-145.847754,60.469238],[-145.898877,60.478174],[-145.810645,60.524658],[-145.759814,60.562012],[-145.690234,60.621973],[-145.674902,60.651123],[-146.149023,60.660693],[-146.166406,60.692285],[-146.16709,60.715527],[-146.182324,60.734766],[-146.251025,60.749072],[-146.347168,60.738135],[-146.502979,60.700781],[-146.570459,60.72915],[-146.546387,60.745117],[-146.495508,60.756787],[-146.391992,60.81084],[-146.531934,60.838867],[-146.603564,60.870947],[-146.638428,60.897314],[-146.636035,60.992529],[-146.599121,61.053516],[-146.284912,61.112646],[-146.384375,61.13584],[-146.582715,61.127832],[-146.715918,61.077539],[-146.874023,61.004883],[-146.980176,60.977783],[-147.034326,60.996191],[-147.105957,61.002539],[-147.19502,60.996826],[-147.254883,60.978271],[-147.285596,60.946777],[-147.321094,60.925488],[-147.361377,60.914502],[-147.390576,60.918018],[-147.433398,60.950293],[-147.523291,60.970312],[-147.567285,60.994922],[-147.592578,60.979443],[-147.623291,60.933008],[-147.655664,60.909521],[-147.807617,60.8854],[-147.891113,60.889893],[-147.990771,60.948291],[-148.005127,60.968555],[-147.971191,61.019043],[-147.751855,61.218945],[-147.773779,61.217822],[-147.844824,61.186377],[-147.986377,61.106494],[-148.049414,61.082666],[-148.15791,61.079687],[-148.208691,61.088281],[-148.27002,61.081787],[-148.341895,61.0604],[-148.38877,61.036963],[-148.410742,61.011475],[-148.39585,61.007129],[-148.287402,61.03623],[-148.225879,61.044043],[-148.208691,61.029932],[-148.293164,60.939697],[-148.344434,60.853564],[-148.393311,60.831885],[-148.471045,60.835498],[-148.556152,60.827002],[-148.557373,60.80293],[-148.398682,60.734033],[-148.34126,60.724316],[-148.267871,60.699707],[-148.256738,60.675293],[-148.284229,60.609326],[-148.30498,60.58335],[-148.338428,60.569824],[-148.467773,60.57207],[-148.50957,60.565234],[-148.596631,60.523779],[-148.640137,60.489453],[-148.624268,60.486426],[-148.549121,60.514795],[-148.439844,60.52998],[-148.296387,60.53208],[-148.189453,60.547119],[-148.119189,60.575146],[-148.050684,60.567188],[-147.984033,60.52334],[-147.964111,60.484863],[-147.990967,60.451855],[-148.045996,60.42832],[-148.129199,60.414209],[-148.181689,60.393066],[-148.203564,60.364941],[-148.215869,60.323145],[-148.218652,60.267676],[-148.197607,60.167773],[-148.21377,60.154248],[-148.24502,60.146826],[-148.291357,60.145459],[-148.333105,60.122021],[-148.430713,59.989111],[-148.465088,59.974707],[-148.506055,59.988965],[-148.542383,59.987402],[-148.574072,59.970068],[-148.643604,59.956836],[-148.750879,59.947754],[-148.842725,59.951221],[-149.004248,59.97998],[-149.070117,60.000244],[-149.121582,60.033496],[-149.266602,59.998291],[-149.304932,60.013672],[-149.395264,60.105762],[-149.414844,60.100244],[-149.432227,60.001025],[-149.459717,59.96626],[-149.54917,59.894336],[-149.598047,59.770459],[-149.612891,59.766846],[-149.629639,59.784668],[-149.684668,59.895313],[-149.713867,59.91958],[-149.794775,59.855811],[-149.803662,59.832715],[-149.782471,59.750342],[-149.80127,59.737939],[-149.96499,59.782275],[-150.005322,59.784424],[-150.015967,59.776953],[-149.960156,59.713037],[-149.966504,59.690039],[-150.198047,59.566553],[-150.258496,59.570947],[-150.296484,59.583252],[-150.338135,59.581348],[-150.485352,59.535303],[-150.525977,59.537305],[-150.581543,59.5646],[-150.607373,59.563379],[-150.621143,59.535059],[-150.6229,59.479639],[-150.677441,59.426953],[-150.852783,59.341846],[-150.899316,59.302686],[-150.934521,59.249121],[-150.960742,59.243994],[-151.063574,59.278418],[-151.182764,59.300781],[-151.199219,59.289648],[-151.163037,59.256934],[-151.170703,59.236914],[-151.222266,59.229395],[-151.2875,59.232324],[-151.366357,59.245605],[-151.477002,59.230566],[-151.619385,59.187305],[-151.738184,59.188525],[-151.903857,59.259766],[-151.949512,59.265088],[-151.964063,59.285107],[-151.931689,59.342725],[-151.884619,59.386328],[-151.849951,59.406348],[-151.692578,59.462207],[-151.512695,59.482715],[-151.399609,59.516309],[-151.262109,59.585596],[-151.189404,59.637695],[-151.046484,59.771826],[-151.057324,59.782178],[-151.089453,59.789404],[-151.403662,59.662256],[-151.450098,59.650391],[-151.512598,59.65127],[-151.763818,59.7],[-151.816943,59.720898],[-151.853223,59.78208],[-151.783447,59.921143],[-151.734521,59.98833],[-151.611865,60.092041],[-151.451465,60.202637],[-151.395996,60.274463],[-151.312695,60.466455],[-151.317529,60.553564],[-151.355029,60.659863],[-151.356445,60.722949],[-151.321777,60.74292],[-150.95376,60.841211],[-150.779492,60.914795],[-150.44126,61.023584],[-150.349121,61.022656],[-150.281494,60.985205],[-150.202783,60.955225],[-150.113037,60.932812],[-149.997559,60.935156],[-149.85625,60.962256],[-149.632471,60.952002],[-149.172852,60.88042],[-149.075098,60.876416],[-149.071289,60.885547],[-149.142236,60.935693],[-149.459131,60.964746],[-149.59248,60.993848],[-149.967725,61.121729],[-150.053271,61.171094],[-150.018555,61.194238],[-149.926758,61.213281],[-149.895312,61.231738],[-149.882031,61.263721],[-149.829199,61.30752],[-149.736914,61.36333],[-149.595996,61.417285],[-149.329053,61.497363],[-149.433545,61.500781],[-149.625439,61.486035],[-149.695264,61.470703],[-149.82373,61.413379],[-149.873682,61.372998],[-149.945215,61.294238],[-149.975684,61.279346],[-150.108936,61.26792],[-150.471777,61.259961],[-150.533203,61.300244],[-150.567236,61.306787],[-150.612256,61.301123],[-150.945508,61.198242],[-151.06499,61.145703],[-151.150146,61.08584],[-151.281885,61.041943],[-151.460107,61.014111],[-151.593506,60.979639],[-151.733984,60.910742],[-151.781641,60.857959],[-151.784424,60.833154],[-151.750488,60.754883],[-151.785107,60.740234],[-151.866162,60.734082],[-151.99624,60.682227],[-152.270703,60.528125],[-152.306592,60.472217],[-152.305078,60.453027],[-152.260303,60.409424],[-152.291504,60.381104],[-152.368848,60.336328],[-152.540918,60.26543],[-152.653955,60.238428],[-152.727295,60.237061],[-152.7979,60.247168],[-152.923389,60.292871],[-153.025,60.295654],[-153.03125,60.289258],[-152.89292,60.240381],[-152.752393,60.17749],[-152.664746,60.125293],[-152.630127,60.083789],[-152.628564,60.041113],[-152.660107,59.997217],[-152.759473,59.920898],[-152.856934,59.898096],[-153.106055,59.875049],[-153.186377,59.856885],[-153.21123,59.842725],[-153.040088,59.810498],[-153.024609,59.793994],[-153.048145,59.730029],[-153.093604,59.709131],[-153.236182,59.670947],[-153.364014,59.659863],[-153.383496,59.667187],[-153.359619,59.71748],[-153.366455,59.729834],[-153.414404,59.740137],[-153.482617,59.720947],[-153.652539,59.647021],[-153.670703,59.634814],[-153.609375,59.615039],[-153.622266,59.598486],[-153.714355,59.545264],[-153.752588,59.509863],[-153.81416,59.47373],[-154.08833,59.363281],[-154.06748,59.336377],[-154.138818,59.240137],[-154.17832,59.155566],[-154.129834,59.119873],[-153.899561,59.078027],[-153.787939,59.06792],[-153.656396,59.038672],[-153.418262,58.959961],[-153.338965,58.908545],[-153.327051,58.884326],[-153.334424,58.857861],[-153.362939,58.822217],[-153.437598,58.754834],[-153.617334,58.654736],[-153.698584,58.626367],[-153.821484,58.604102],[-153.861963,58.587842],[-154.019873,58.492969],[-154.062451,58.441748],[-154.055713,58.397168],[-154.085889,58.36582],[-154.289014,58.304346],[-154.281787,58.293457],[-154.208057,58.28877],[-154.235107,58.234619],[-154.247021,58.159424],[-154.282275,58.146777],[-154.409229,58.147314],[-154.570605,58.118066],[-154.581934,58.109766],[-154.584912,58.055664],[-155.006885,58.016064],[-155.099268,57.91333],[-155.147363,57.881836],[-155.312744,57.807129],[-155.413965,57.777051],[-155.529639,57.758887],[-155.590234,57.733594],[-155.59585,57.701074],[-155.628711,57.673047],[-155.728955,57.626611],[-155.777979,57.568213],[-155.813672,57.559033],[-156.000195,57.544971],[-156.037354,57.526514],[-156.055371,57.447559],[-156.089893,57.445068],[-156.156006,57.463428],[-156.242188,57.449219],[-156.435889,57.359961],[-156.478418,57.327881],[-156.473682,57.310693],[-156.443555,57.293652],[-156.397656,57.240576],[-156.400488,57.204834],[-156.475146,57.105176],[-156.501318,57.089795],[-156.592041,57.065088],[-156.629004,57.009961],[-156.712646,57.016064],[-156.779883,57.005615],[-156.823877,56.968848],[-156.871729,56.947656],[-156.923438,56.94209],[-156.988428,56.912939],[-157.066699,56.860205],[-157.13916,56.826563],[-157.205762,56.812061],[-157.270557,56.808496],[-157.333594,56.815869],[-157.390234,56.809814],[-157.440576,56.790332],[-157.489648,56.759766],[-157.528711,56.673193],[-157.578369,56.634473],[-157.609766,56.627686],[-157.673877,56.633447],[-157.770703,56.65166],[-157.869092,56.645215],[-158.027881,56.592139],[-158.07832,56.552051],[-157.978271,56.543164],[-157.928711,56.531689],[-157.92998,56.520459],[-157.982178,56.50957],[-158.070947,56.510352],[-158.124365,56.501025],[-158.189404,56.478174],[-158.35249,56.453516],[-158.414404,56.43584],[-158.537402,56.335449],[-158.552148,56.312695],[-158.536377,56.307666],[-158.467334,56.318262],[-158.386133,56.301562],[-158.343994,56.280322],[-158.316992,56.25415],[-158.291406,56.203662],[-158.275635,56.19624],[-158.431836,56.111475],[-158.476123,56.075488],[-158.504687,56.062109],[-158.52334,56.072461],[-158.542676,56.166846],[-158.554443,56.182861],[-158.591162,56.184521],[-158.626758,56.154688],[-158.704883,56.043115],[-158.789844,55.986914],[-159.429443,55.842725],[-159.523242,55.81001],[-159.541309,55.748486],[-159.567627,55.695215],[-159.610059,55.652783],[-159.659668,55.625928],[-159.670264,55.64502],[-159.665332,55.794873],[-159.678516,55.824658],[-159.743018,55.84375],[-159.771387,55.841113],[-159.8104,55.832715],[-159.874365,55.800293],[-159.913525,55.792187],[-159.962305,55.794873],[-160.045654,55.762939],[-160.243799,55.660547],[-160.373193,55.635107],[-160.407422,55.613818],[-160.462695,55.557812],[-160.499316,55.537305],[-160.553516,55.535498],[-160.625244,55.552393],[-160.68291,55.54043],[-160.726514,55.499658],[-160.77085,55.483545],[-160.896729,55.513623],[-160.952197,55.493066],[-161.024219,55.44043],[-161.099512,55.405713],[-161.178027,55.388867],[-161.381934,55.371289],[-161.463867,55.38252],[-161.480518,55.397803],[-161.476709,55.464893],[-161.443799,55.513281],[-161.41333,55.536133],[-161.372705,55.556299],[-161.313281,55.558643],[-161.2021,55.543555],[-161.214697,55.559766],[-161.255127,55.579004],[-161.357471,55.612207],[-161.458789,55.62915],[-161.516943,55.618408],[-161.598779,55.592822],[-161.654297,55.563379],[-161.683545,55.529932],[-161.720361,55.420703],[-161.741553,55.391162],[-161.980322,55.198633],[-162.073975,55.139307],[-162.166602,55.14375],[-162.211475,55.121338],[-162.274658,55.073242],[-162.33291,55.050244],[-162.386377,55.052344],[-162.42793,55.061475],[-162.457471,55.077686],[-162.452393,55.092822],[-162.412549,55.106885],[-162.426807,55.14541],[-162.495264,55.208447],[-162.541895,55.242725],[-162.630371,55.24668],[-162.644141,55.218018],[-162.614307,55.071484],[-162.618896,55.038428],[-162.674365,54.996582],[-162.81958,54.95],[-162.865039,54.954541],[-162.995898,55.046484],[-163.119629,55.064697],[-163.127832,55.034766],[-163.100195,54.973633],[-163.131104,54.916553],[-163.220557,54.863379],[-163.288623,54.837598],[-163.335303,54.83916],[-163.337891,54.876367],[-163.296338,54.949268],[-163.285693,55.009961],[-163.305957,55.058545],[-163.303662,55.09585],[-163.278809,55.121826],[-163.114502,55.193945],[-163.045361,55.204736],[-163.008252,55.186865],[-162.961963,55.183838],[-162.906592,55.195557],[-162.871582,55.218604],[-162.857129,55.253027],[-162.78623,55.29707],[-162.658984,55.350781],[-162.513379,55.45],[-162.349365,55.594727],[-162.157129,55.719434],[-161.936621,55.82417],[-161.697314,55.907227],[-161.215625,56.021436],[-161.178613,56.014453],[-161.222559,55.977441],[-161.192529,55.954297],[-161.145166,55.951318],[-160.968652,55.969629],[-160.898633,55.993652],[-160.877832,55.970508],[-160.902393,55.941309],[-161.008398,55.911719],[-161.005371,55.887158],[-160.851318,55.771875],[-160.802832,55.754443],[-160.762598,55.756592],[-160.745508,55.771484],[-160.758398,55.854639],[-160.706348,55.870459],[-160.599707,55.874316],[-160.530225,55.863477],[-160.4979,55.837891],[-160.436914,55.816699],[-160.347314,55.799902],[-160.291699,55.805078],[-160.270117,55.832178],[-160.308496,55.864453],[-160.479883,55.935449],[-160.527441,55.965039],[-160.539062,56.006299],[-160.514697,56.059131],[-160.46084,56.1375],[-160.37749,56.241455],[-160.302051,56.314111],[-160.149268,56.396338],[-160.04624,56.437012],[-159.785059,56.561621],[-159.283105,56.688574],[-159.159033,56.770068],[-158.990381,56.860059],[-158.918018,56.882178],[-158.918018,56.847412],[-158.894873,56.816406],[-158.78208,56.795752],[-158.708838,56.788574],[-158.675146,56.794873],[-158.665918,56.82793],[-158.681055,56.887744],[-158.684814,56.944238],[-158.677246,56.997363],[-158.660791,57.039404],[-158.585596,57.114062],[-158.47373,57.199072],[-158.320947,57.2979],[-158.224512,57.342676],[-158.133545,57.366406],[-158.045703,57.409473],[-157.894336,57.511377],[-157.845752,57.528076],[-157.737207,57.548145],[-157.697412,57.539258],[-157.674023,57.513721],[-157.645557,57.497803],[-157.535303,57.483447],[-157.461914,57.506201],[-157.473877,57.518213],[-157.533496,57.525879],[-157.571631,57.540674],[-157.607568,57.601465],[-157.680664,57.638086],[-157.697217,57.679443],[-157.683984,57.743896],[-157.621191,57.895215],[-157.610889,58.05083],[-157.555029,58.139941],[-157.442676,58.172168],[-157.193701,58.194189],[-157.339404,58.234521],[-157.393604,58.234814],[-157.488379,58.253711],[-157.524414,58.350732],[-157.523633,58.421338],[-157.460889,58.503027],[-157.228857,58.640918],[-156.974658,58.736328],[-157.009033,58.744189],[-157.040479,58.772559],[-156.923242,58.963672],[-156.808887,59.134277],[-156.963379,58.988867],[-157.142041,58.877637],[-157.665723,58.748486],[-158.021924,58.640186],[-158.190918,58.614258],[-158.302588,58.641797],[-158.389648,58.745654],[-158.439307,58.782617],[-158.503174,58.850342],[-158.47627,58.938379],[-158.425635,58.999316],[-158.314502,59.009326],[-158.189209,58.979932],[-158.080518,58.977441],[-158.220605,59.0375],[-158.422803,59.089844],[-158.514404,59.072852],[-158.584473,58.987793],[-158.678271,58.929395],[-158.760596,58.950098],[-158.809473,58.973877],[-158.775537,58.902539],[-158.837744,58.793945],[-158.861377,58.71875],[-158.772119,58.520313],[-158.788623,58.440967],[-158.950684,58.404541],[-159.082666,58.469775],[-159.358203,58.721289],[-159.454199,58.79292],[-159.670264,58.911133],[-159.741455,58.894287],[-159.832227,58.835986],[-159.920215,58.819873],[-160.152588,58.905908],[-160.260791,58.971533],[-160.363135,59.051172],[-160.519922,59.007324],[-160.656641,58.955078],[-160.81709,58.87168],[-160.924268,58.872412],[-161.215918,58.800977],[-161.246826,58.799463],[-161.287891,58.760937],[-161.328125,58.743701],[-161.361328,58.669531],[-161.755469,58.612012],[-162.144922,58.644238],[-162.008691,58.68501],[-161.856494,58.71709],[-161.724365,58.794287],[-161.780518,58.897412],[-161.790283,58.949951],[-161.788672,59.016406],[-161.644385,59.109668],[-161.794482,59.109473],[-161.890771,59.076074],[-161.981055,59.146143],[-162.023291,59.283984],[-161.920117,59.365479],[-161.872217,59.428271],[-161.831689,59.514502],[-161.828711,59.588623],[-161.908643,59.714111],[-162.138135,59.980029],[-162.24248,60.17832],[-162.421338,60.283984],[-162.287793,60.456885],[-162.138867,60.614355],[-161.946582,60.684814],[-161.962012,60.695361],[-162.068262,60.694873],[-162.138037,60.685547],[-162.199902,60.634326],[-162.265039,60.595215],[-162.468701,60.394678],[-162.599707,60.296973],[-162.684961,60.268945],[-162.547705,60.231055],[-162.526953,60.199121],[-162.500488,60.126562],[-162.535645,60.038379],[-162.570752,59.989746],[-162.732617,59.993652],[-162.877832,59.922754],[-163.219385,59.845605],[-163.680371,59.801514],[-163.906885,59.806787],[-164.142822,59.896777],[-164.141113,59.948877],[-164.131543,59.994238],[-164.470508,60.149316],[-164.662256,60.303809],[-164.799951,60.307227],[-164.919727,60.348438],[-165.061133,60.412549],[-165.04873,60.464258],[-165.026514,60.500635],[-165.113281,60.526074],[-165.224512,60.523584],[-165.353809,60.541211],[-165.016016,60.740039],[-164.899805,60.873145],[-164.805176,60.892041],[-164.682373,60.871533],[-164.512939,60.819043],[-164.370068,60.795898],[-164.318506,60.771289],[-164.265674,60.724658],[-164.321387,60.646631],[-164.372363,60.591846],[-164.309668,60.606738],[-164.131836,60.691504],[-163.999561,60.766064],[-163.936133,60.758301],[-163.894922,60.745166],[-163.821387,60.668262],[-163.72998,60.58999],[-163.528711,60.664551],[-163.420947,60.757422],[-163.511865,60.798145],[-163.623047,60.822217],[-163.906543,60.853809],[-163.837305,60.88042],[-163.65542,60.87749],[-163.586914,60.902979],[-163.658936,60.938232],[-163.749023,60.969727],[-163.994629,60.864697],[-164.441553,60.869971],[-164.753955,60.931299],[-165.065625,60.920654],[-165.114844,60.932812],[-165.175488,60.965674],[-164.999902,61.043652],[-164.875586,61.086768],[-164.868994,61.111768],[-164.941211,61.114893],[-165.0771,61.094189],[-165.137695,61.130127],[-165.127783,61.192432],[-165.150049,61.186865],[-165.20376,61.152832],[-165.279785,61.169629],[-165.344873,61.197705],[-165.310791,61.227637],[-165.243945,61.26875],[-165.273633,61.274854],[-165.333691,61.266113],[-165.392041,61.212305],[-165.379297,61.16875],[-165.380762,61.106299],[-165.480469,61.094873],[-165.565869,61.102344],[-165.627588,61.165186],[-165.691357,61.299902],[-165.863965,61.335693],[-165.906299,61.403809],[-165.797119,61.491162],[-165.845313,61.53623],[-165.961328,61.550879],[-166.093994,61.506738],[-166.152734,61.545947],[-166.163525,61.589014],[-166.168115,61.65083],[-166.131152,61.657324],[-166.100488,61.645068],[-165.83457,61.679395],[-165.808936,61.696094],[-166.019922,61.748291],[-166.078809,61.803125],[-165.991406,61.83418],[-165.833838,61.836816],[-165.612793,61.869287],[-165.705811,61.927441],[-165.725244,61.959375],[-165.743945,62.011719],[-165.707275,62.100439],[-165.447656,62.303906],[-165.194531,62.473535],[-165.115625,62.512695],[-164.999707,62.533789],[-164.891846,62.517578],[-164.779199,62.481152],[-164.757861,62.496729],[-164.796094,62.511621],[-164.844385,62.581055],[-164.687988,62.608252],[-164.596289,62.68667],[-164.589453,62.709375],[-164.688965,62.676758],[-164.792676,62.623193],[-164.818652,62.677051],[-164.84541,62.800977],[-164.799658,62.918066],[-164.764062,62.970605],[-164.677441,63.020459],[-164.428125,63.04043],[-164.384229,63.030469],[-164.375098,63.054004],[-164.525195,63.127637],[-164.463281,63.185205],[-164.409033,63.215039],[-164.107617,63.261719],[-163.942871,63.247217],[-163.73623,63.192822],[-163.616309,63.125146],[-163.63374,63.09043],[-163.663574,63.070312],[-163.725732,63.047803],[-163.748975,63.030322],[-163.737842,63.016406],[-163.649365,63.056787],[-163.504346,63.105859],[-163.423193,63.084521],[-163.358838,63.045752],[-163.287842,63.046436],[-163.062256,63.079736],[-162.947705,63.11499],[-162.807764,63.206592],[-162.621484,63.26582],[-162.359814,63.452588],[-162.282813,63.529199],[-162.193311,63.540967],[-162.1125,63.53418],[-162.05625,63.471338],[-161.973975,63.45293],[-161.50542,63.468164],[-161.266016,63.496973],[-161.099707,63.55791],[-160.926709,63.660547],[-160.826514,63.729346],[-160.778564,63.818945],[-160.840479,63.934912],[-160.903955,64.031201],[-160.987549,64.25127],[-161.220117,64.396582],[-161.385693,64.439941],[-161.490723,64.433789],[-161.4146,64.526367],[-161.193066,64.516406],[-161.048779,64.534473],[-160.931934,64.579102],[-160.893701,64.612891],[-160.836035,64.681934],[-160.855908,64.755615],[-160.886963,64.795557],[-160.96748,64.839551],[-161.063232,64.904004],[-161.130176,64.925439],[-161.186914,64.924023],[-161.466357,64.794873],[-161.633984,64.79248],[-161.759375,64.81626],[-161.868311,64.742676],[-162.172266,64.678076],[-162.334619,64.612842],[-162.635742,64.45083],[-162.711084,64.377539],[-162.807031,64.374219],[-162.876416,64.516406],[-163.203906,64.652002],[-163.302832,64.605908],[-163.248291,64.563281],[-163.174072,64.532959],[-163.051758,64.519727],[-163.104492,64.478613],[-163.144336,64.423828],[-163.267041,64.475195],[-163.486182,64.549805],[-163.713086,64.588232],[-164.303955,64.583936],[-164.691846,64.507422],[-164.72749,64.523291],[-164.764941,64.529639],[-164.829541,64.511377],[-164.857275,64.480322],[-164.899512,64.460645],[-164.97876,64.453662],[-165.138135,64.465234],[-165.446191,64.512842],[-166.142773,64.582764],[-166.325098,64.625732],[-166.481396,64.728076],[-166.478125,64.797559],[-166.408691,64.826953],[-166.415234,64.926514],[-166.550879,64.952979],[-166.826953,65.096094],[-166.928418,65.15708],[-166.906396,65.163818],[-166.856787,65.147266],[-166.762549,65.134912],[-166.531006,65.154736],[-166.45166,65.247314],[-166.279687,65.273779],[-166.121484,65.260742],[-166.157031,65.28584],[-166.197412,65.305566],[-166.609375,65.352734],[-166.665381,65.338281],[-167.404004,65.422119],[-167.987256,65.567773],[-168.03501,65.595605],[-168.088379,65.657764],[-168.009668,65.719141],[-167.930566,65.748145],[-167.927002,65.714355],[-167.914355,65.681201],[-167.580029,65.758301],[-167.405322,65.859326],[-167.074219,65.877051],[-166.997217,65.904932],[-166.894434,65.95918],[-166.747656,66.051855],[-166.540137,66.100635],[-166.39873,66.144434],[-166.2146,66.170264],[-166.057422,66.127246],[-166.008936,66.121338],[-165.723682,66.112549],[-165.629932,66.131201],[-165.58999,66.145117],[-165.560205,66.16709],[-165.840234,66.245068],[-165.811865,66.288477],[-165.776172,66.319043],[-165.449414,66.409912],[-165.198291,66.439941],[-165.063965,66.437842],[-164.674121,66.555029],[-164.460498,66.588428],[-164.058252,66.610742],[-163.727686,66.616455],[-163.638232,66.574658],[-163.815723,66.583496],[-163.893945,66.575879],[-163.838232,66.561572],[-163.775488,66.531104],[-163.793701,66.492627],[-163.902881,66.378369],[-163.893945,66.286914],[-163.96499,66.257324],[-164.03374,66.215527],[-163.695361,66.083838],[-163.171436,66.075439],[-162.886475,66.099219],[-162.721777,66.059814],[-162.586865,66.05083],[-162.214258,66.071045],[-161.933691,66.042871],[-161.816309,66.053662],[-161.556836,66.250537],[-161.45542,66.281396],[-161.345068,66.247168],[-161.201074,66.219385],[-161.109229,66.239502],[-161.034277,66.188818],[-161.069531,66.294629],[-161.120313,66.334326],[-161.544434,66.407031],[-161.828174,66.37085],[-161.916895,66.411816],[-161.887598,66.493066],[-162.191162,66.693115],[-162.317725,66.733691],[-162.467432,66.735645],[-162.543652,66.805127],[-162.607422,66.894385],[-162.47832,66.930811],[-162.361621,66.947314],[-162.253564,66.918652],[-162.131396,66.801367],[-162.017627,66.784131],[-162.050732,66.667285],[-161.90957,66.559619],[-161.591016,66.459521],[-161.335938,66.496338],[-161.155811,66.495312],[-161.048145,66.474219],[-160.784473,66.384375],[-160.650537,66.373096],[-160.231689,66.420264],[-160.227344,66.508545],[-160.262549,66.572461],[-160.360889,66.6125],[-160.643799,66.60498],[-160.864014,66.67085],[-161.051465,66.652783],[-161.398047,66.551855],[-161.571729,66.591602],[-161.680908,66.645508],[-161.856689,66.700342],[-161.87876,66.803955],[-161.731299,66.922803],[-161.622217,66.979346],[-161.719922,67.020557],[-161.96543,67.049561],[-162.391553,67.019873],[-162.411572,67.060303],[-162.409424,67.103955],[-162.583105,67.018506],[-162.761426,67.036426],[-163.001709,67.027295],[-163.531836,67.102588],[-163.720557,67.195557],[-163.799805,67.270996],[-163.942676,67.477588],[-164.125195,67.606738],[-165.386035,68.045605],[-165.95957,68.155908],[-166.235938,68.27793],[-166.409131,68.307959],[-166.574463,68.320264],[-166.786279,68.359619],[-166.643896,68.408008],[-166.545898,68.424365],[-166.647852,68.373828],[-166.57041,68.361084],[-166.447021,68.390234],[-166.380518,68.425146],[-166.282959,68.573242],[-166.182031,68.797217],[-166.209082,68.885352],[-165.509473,68.867578],[-165.043945,68.882471],[-164.889697,68.902441],[-164.302344,68.936475],[-164.150195,68.961182],[-163.86792,69.03667],[-163.535693,69.170117],[-163.250537,69.345361],[-163.205176,69.392529],[-163.187109,69.380469],[-163.161475,69.387939],[-163.131006,69.454346],[-163.093555,69.610693],[-162.9521,69.758105],[-162.350391,70.094141],[-162.071143,70.227197],[-161.977979,70.287646],[-161.880957,70.331738],[-161.812598,70.289844],[-161.779932,70.277344],[-161.761084,70.257666],[-161.818408,70.248437],[-161.911963,70.205469],[-162.042383,70.17666],[-162.073877,70.161963],[-161.997412,70.165234],[-161.768164,70.196533],[-161.639014,70.234521],[-160.996289,70.30459],[-160.647656,70.420557],[-160.634131,70.446387],[-160.117139,70.591211],[-160.045605,70.585596],[-159.963135,70.568164],[-160.106396,70.472559],[-160.005566,70.447559],[-160.095068,70.333301],[-159.907568,70.331445],[-159.865674,70.278857],[-159.855225,70.32417],[-159.85752,70.389258],[-159.842627,70.453027],[-159.81499,70.49707],[-159.683301,70.477148],[-159.386768,70.524512],[-159.746191,70.530469],[-159.961816,70.634082],[-160.081592,70.634863],[-159.680908,70.786768],[-159.314502,70.878516],[-159.231738,70.876758],[-159.191748,70.859668],[-159.183154,70.831934],[-159.262207,70.813867],[-159.339844,70.78125],[-159.30415,70.752539],[-159.251172,70.748437],[-159.075049,70.77207],[-158.996289,70.801611],[-158.620947,70.799023],[-158.51084,70.820117],[-158.484375,70.841064],[-157.998486,70.845313],[-157.909375,70.860107],[-157.605615,70.94126],[-157.324756,71.0396],[-157.195312,71.093262],[-156.97334,71.230029],[-156.783301,71.318945],[-156.470215,71.407666],[-156.395264,71.39668],[-156.49668,71.379102],[-156.567236,71.341553],[-156.469971,71.291553],[-155.811133,71.188428],[-155.645605,71.182764],[-155.579443,71.121094],[-155.63457,71.061572],[-155.804346,70.99541],[-156.146582,70.927832],[-156.041943,70.902246],[-155.973535,70.841992],[-155.872217,70.834668],[-155.708057,70.857275],[-155.579395,70.894336],[-155.313379,71.01499],[-155.229736,71.082227],[-155.166846,71.099219],[-154.943799,71.083057],[-154.817529,71.048486],[-154.673682,70.987109],[-154.726318,70.927783],[-154.785205,70.894287],[-154.598633,70.847998],[-154.392188,70.83833],[-154.195215,70.801123],[-153.918213,70.877344],[-153.701367,70.893604],[-153.497705,70.891064],[-153.23291,70.932568],[-152.784912,70.876025],[-152.67085,70.890723],[-152.491211,70.880957],[-152.300391,70.846777],[-152.23291,70.810352],[-152.437256,70.733252],[-152.470605,70.653613],[-152.399219,70.620459],[-152.269678,70.614746],[-152.253369,70.568262],[-152.172949,70.556641],[-151.769043,70.560156],[-151.799902,70.538037],[-151.819629,70.511328],[-151.944678,70.4521],[-151.224805,70.41875],[-151.128027,70.451611],[-150.979053,70.464697],[-150.662646,70.509912],[-150.543506,70.490137],[-150.403223,70.443896],[-150.273633,70.434326],[-150.15249,70.443701],[-149.870117,70.509668],[-149.544043,70.512891],[-149.410596,70.491406],[-149.269434,70.500781],[-148.844775,70.425195],[-148.688379,70.416309],[-148.479199,70.31792],[-148.371143,70.31499],[-148.248779,70.356738],[-148.142725,70.355469],[-148.039062,70.315479],[-147.869531,70.303271],[-147.790576,70.240137],[-147.705371,70.217236],[-147.062939,70.17041],[-146.744873,70.191748],[-146.28125,70.186133],[-146.057666,70.15625],[-145.823145,70.160059],[-145.440088,70.050928],[-145.236816,70.033936],[-145.197363,70.008691],[-144.619189,69.982129],[-144.416895,70.039014],[-144.064111,70.054102],[-143.746436,70.101953],[-143.566406,70.101465],[-143.357031,70.089551],[-143.276465,70.095313],[-143.218311,70.11626],[-142.707861,70.033789],[-142.422119,69.939502],[-142.296973,69.869873],[-141.699219,69.770361],[-141.526367,69.714697],[-141.40791,69.653369],[-141.338623,69.646777],[-141.289648,69.664697],[-141.080811,69.659424],[-141.002148,69.650781],[-141.002148,69.358594],[-141.002148,69.066357],[-141.002148,68.77417],[-141.002148,68.481982],[-141.002148,68.189746],[-141.002148,67.897559],[-141.002148,67.605371],[-141.002148,67.313135],[-141.002148,67.020947],[-141.002148,66.72876],[-141.002148,66.436523],[-141.002148,66.144336],[-141.002148,65.852148],[-141.002148,65.559912],[-141.002148,65.267725],[-141.002148,64.975537],[-141.002148,64.683301],[-141.002148,64.391113],[-141.002148,64.098877],[-141.002148,63.806689],[-141.002148,63.514453],[-141.002148,63.222266],[-141.002148,62.930078],[-141.002148,62.637891],[-141.002148,62.345703],[-141.002148,62.053467],[-141.002148,61.761279],[-141.002148,61.469043],[-141.002148,61.176855],[-141.002148,60.884668],[-141.002148,60.592432],[-141.002148,60.300244],[-140.762744,60.259131],[-140.525439,60.218359],[-140.452832,60.299707],[-140.196924,60.2375],[-139.973291,60.183154],[-139.830664,60.252881],[-139.676318,60.32832],[-139.467969,60.333691],[-139.234766,60.339746],[-139.079248,60.343701],[-139.079248,60.279443],[-139.136963,60.172705],[-139.185156,60.083594],[-139.043457,59.993262],[-138.86875,59.945752],[-138.705469,59.901318],[-138.632275,59.778271],[-138.453613,59.683398],[-138.317627,59.611133],[-138.187451,59.541943],[-138.001123,59.44292],[-137.870557,59.373584],[-137.696631,59.281152],[-137.593311,59.22627],[-137.543701,59.119434],[-137.48418,58.991211],[-137.520898,58.915381],[-137.438574,58.903125],[-137.277539,58.988184],[-137.126221,59.040967],[-136.939307,59.106104],[-136.813281,59.150049],[-136.57876,59.152246],[-136.466748,59.279932],[-136.466357,59.459082],[-136.347852,59.456055],[-136.277979,59.480322],[-136.247119,59.53291],[-136.321826,59.604834],[-136.097168,59.638379],[-135.934668,59.662646],[-135.702588,59.72876],[-135.475928,59.793262],[-135.367871,59.743311],[-135.260791,59.69502],[-135.051025,59.578662],[-135.03667,59.550684],[-135.05083,59.496045],[-135.071289,59.441455],[-134.94375,59.288281],[-134.907227,59.271191],[-134.802393,59.25],[-134.677246,59.199268],[-134.621973,59.155322],[-134.440771,59.085352],[-134.410205,59.05625],[-134.393066,59.00918],[-134.363525,58.96875],[-134.329639,58.939697],[-134.296973,58.898486],[-134.218506,58.849902],[-134.069189,58.795508],[-133.965723,58.757861],[-133.820752,58.705029],[-133.673926,58.597168],[-133.546387,58.503467],[-133.401123,58.410889],[-133.422559,58.337061],[-133.275293,58.222852],[-133.12041,58.077734],[-133.001416,57.948975],[-132.916846,57.877002],[-132.815527,57.772705],[-132.691504,57.645117],[-132.550488,57.499902],[-132.44248,57.406738],[-132.30166,57.276318],[-132.232178,57.198535],[-132.279395,57.145361],[-132.337988,57.079443],[-132.157031,57.048193],[-132.031543,57.026562],[-132.062891,56.953369],[-132.104297,56.856787],[-131.9625,56.818701],[-131.866162,56.792822],[-131.885986,56.742139],[-131.833105,56.684814],[-131.824268,56.58999],[-131.651514,56.596094],[-131.575098,56.598828],[-131.471875,56.556738],[-131.335791,56.501221],[-131.199414,56.449219],[-131.08291,56.404834],[-130.930225,56.378613],[-130.741699,56.34082],[-130.649072,56.263672],[-130.4771,56.230566],[-130.413135,56.12251],[-130.214697,56.082812],[-130.097852,56.109277],[-130.055957,56.065234],[-130.0229,56.014502],[-130.014062,55.950537],[-130.025098,55.888232]]],[[[-163.476025,54.980713],[-163.378955,54.815527],[-163.336914,54.783203],[-163.274512,54.765576],[-163.187109,54.747754],[-163.135059,54.723291],[-163.089258,54.686084],[-163.083252,54.668994],[-163.358105,54.735693],[-163.530859,54.63833],[-163.583008,54.625684],[-164.073291,54.620996],[-164.171289,54.603027],[-164.234619,54.571338],[-164.34668,54.482422],[-164.403516,54.447852],[-164.463477,54.427344],[-164.59082,54.404346],[-164.743799,54.407471],[-164.823438,54.419092],[-164.866162,54.461377],[-164.903955,54.544775],[-164.903711,54.567969],[-164.887646,54.607813],[-164.751465,54.662939],[-164.706201,54.691992],[-164.529785,54.880859],[-164.478613,54.906836],[-164.424316,54.913184],[-164.273682,54.900049],[-164.145068,54.955127],[-163.867969,55.039111],[-163.807129,55.049072],[-163.607471,55.05083],[-163.553027,55.037842],[-163.510889,55.014307],[-163.476025,54.980713]]],[[[-133.305078,55.54375],[-133.283203,55.515625],[-133.281689,55.497852],[-133.426465,55.431445],[-133.429102,55.417725],[-133.463086,55.37666],[-133.493457,55.36167],[-133.547363,55.317236],[-133.650195,55.269287],[-133.63501,55.41333],[-133.737109,55.496924],[-133.634229,55.539258],[-133.566699,55.527197],[-133.454785,55.522314],[-133.345557,55.559082],[-133.305078,55.54375]]],[[[-131.339746,55.079834],[-131.237451,54.949512],[-131.232031,54.90376],[-131.329541,54.887744],[-131.406201,54.894287],[-131.445703,54.909326],[-131.456104,54.930566],[-131.431348,54.996484],[-131.481738,55.035254],[-131.540039,55.048486],[-131.592236,55.025684],[-131.595117,55.090723],[-131.556006,55.137402],[-131.577832,55.20083],[-131.578467,55.248779],[-131.56543,55.264111],[-131.512646,55.262744],[-131.404639,55.21333],[-131.339746,55.079834]]],[[[-132.112354,56.109375],[-132.132959,55.943262],[-132.172607,55.952637],[-132.210303,55.952979],[-132.287305,55.929395],[-132.368604,55.939746],[-132.406592,55.958203],[-132.420605,55.979541],[-132.406055,56.028857],[-132.451172,56.056348],[-132.602979,56.066406],[-132.659912,56.078174],[-132.691357,56.130078],[-132.699023,56.198193],[-132.675195,56.223633],[-132.59873,56.24165],[-132.539014,56.32417],[-132.505957,56.335254],[-132.379834,56.498779],[-132.316504,56.4875],[-132.205615,56.387939],[-132.066895,56.244238],[-132.112354,56.109375]]],[[[-130.97915,55.48916],[-131.013916,55.379297],[-131.082764,55.266797],[-131.187891,55.206299],[-131.261865,55.219775],[-131.316309,55.268506],[-131.366846,55.26582],[-131.420703,55.275879],[-131.450928,55.316309],[-131.422363,55.368408],[-131.447559,55.408789],[-131.474512,55.373486],[-131.521826,55.341064],[-131.641309,55.298926],[-131.723682,55.218359],[-131.7625,55.16582],[-131.810986,55.223096],[-131.841992,55.358691],[-131.846094,55.41626],[-131.759473,55.503076],[-131.647559,55.585547],[-131.624951,55.831689],[-131.269238,55.955371],[-131.236182,55.948975],[-131.120654,55.856641],[-130.997803,55.727637],[-130.965967,55.669531],[-130.965039,55.568018],[-130.97915,55.48916]]],[[[-133.366211,57.003516],[-133.299707,56.972168],[-133.263525,57.00498],[-133.195996,57.003467],[-133.070801,56.974268],[-132.99624,56.93042],[-132.95415,56.880273],[-132.950586,56.850439],[-132.96333,56.782568],[-132.954004,56.713086],[-132.95918,56.677051],[-132.975879,56.647266],[-133.004102,56.62373],[-133.034912,56.620752],[-133.132373,56.683252],[-133.243994,56.79585],[-133.328955,56.830078],[-133.332422,56.818506],[-133.309082,56.78623],[-133.239697,56.725684],[-133.227246,56.689258],[-133.178467,56.644824],[-133.156641,56.611133],[-133.144238,56.566895],[-133.144727,56.528223],[-133.158154,56.495166],[-133.180811,56.473975],[-133.212646,56.4646],[-133.382764,56.473877],[-133.48418,56.451758],[-133.602783,56.464111],[-133.631348,56.484033],[-133.649268,56.516797],[-133.658301,56.596289],[-133.688184,56.71001],[-133.680957,56.79751],[-133.75752,56.87666],[-133.823047,56.924365],[-133.917285,56.96709],[-133.979443,57.00957],[-133.962354,57.043457],[-133.865967,57.068701],[-133.707715,57.062842],[-133.366211,57.003516]]],[[[-132.862256,54.894434],[-132.837744,54.880957],[-132.812891,54.89043],[-132.772314,54.926074],[-132.700635,54.919043],[-132.648877,54.90708],[-132.617236,54.892432],[-132.634033,54.840479],[-132.646973,54.756152],[-132.67666,54.726221],[-132.705811,54.68418],[-132.807275,54.709131],[-132.8896,54.762646],[-133.008936,54.854834],[-133.075391,54.921338],[-133.080566,54.949414],[-133.122705,54.969824],[-133.204639,55.084473],[-133.251172,55.175146],[-133.324854,55.185498],[-133.417969,55.210693],[-133.453809,55.260352],[-133.429053,55.303809],[-133.296582,55.325732],[-133.097412,55.213721],[-133.06709,55.166211],[-132.995752,55.110596],[-132.982178,55.033008],[-132.945996,55.002588],[-132.862256,54.894434]]],[[[-146.393945,60.449658],[-146.37168,60.422168],[-146.179541,60.42876],[-146.124268,60.423926],[-146.102246,60.411182],[-146.128271,60.392529],[-146.202393,60.368018],[-146.419189,60.325049],[-146.595313,60.268457],[-146.618311,60.273682],[-146.650439,60.335645],[-146.683008,60.360693],[-146.702881,60.395605],[-146.702539,60.408545],[-146.670264,60.432617],[-146.605908,60.467822],[-146.560303,60.480566],[-146.393945,60.449658]]],[[[-147.735889,59.813232],[-147.846338,59.798828],[-147.872461,59.828369],[-147.814355,59.901953],[-147.768066,59.94375],[-147.733643,59.953613],[-147.606689,60.036621],[-147.46582,60.097021],[-147.336523,60.185352],[-147.205225,60.311328],[-147.180859,60.358252],[-147.12002,60.363086],[-147.019873,60.332227],[-146.957861,60.288867],[-146.986719,60.254346],[-147.318457,60.075293],[-147.346338,60.051953],[-147.376514,59.991162],[-147.403809,59.969971],[-147.447559,59.960254],[-147.479395,59.933691],[-147.499316,59.890186],[-147.540234,59.867529],[-147.602051,59.865576],[-147.644922,59.853613],[-147.66875,59.831543],[-147.735889,59.813232]]],[[[-147.658252,60.450488],[-147.658691,60.424121],[-147.690039,60.398877],[-147.659961,60.35249],[-147.712012,60.272754],[-147.732129,60.22207],[-147.759912,60.190234],[-147.787842,60.17793],[-147.81582,60.185156],[-147.82168,60.202734],[-147.805273,60.230664],[-147.871338,60.229785],[-147.891455,60.299414],[-147.854883,60.321436],[-147.841699,60.35127],[-147.837598,60.371289],[-147.794531,60.459863],[-147.77915,60.466064],[-147.77417,60.444971],[-147.760205,60.43877],[-147.737305,60.447412],[-147.702979,60.486816],[-147.688574,60.491406],[-147.658252,60.450488]]],[[[-147.930713,60.826172],[-148.057422,60.81792],[-148.11543,60.830615],[-148.123779,60.844336],[-148.099707,60.894824],[-148.10166,60.916113],[-148.037744,60.924121],[-147.964404,60.900146],[-147.943115,60.875391],[-147.930713,60.826172]]],[[[-153.00708,57.124854],[-153.134229,57.092578],[-153.156836,57.093945],[-153.2354,57.028613],[-153.29541,57.000439],[-153.374609,57.051904],[-153.354346,57.131934],[-153.285205,57.185059],[-152.935449,57.167334],[-152.908398,57.152441],[-152.907764,57.139746],[-152.933447,57.129248],[-153.00708,57.124854]]],[[[-152.486084,58.48501],[-152.515527,58.478613],[-152.588623,58.509229],[-152.636621,58.541699],[-152.604883,58.566406],[-152.463184,58.618506],[-152.395508,58.619385],[-152.36792,58.611084],[-152.356836,58.594971],[-152.362256,58.57085],[-152.392822,58.540869],[-152.486084,58.48501]]],[[[-153.240625,57.850098],[-153.268555,57.822363],[-153.294971,57.829492],[-153.35083,57.861963],[-153.465039,57.909375],[-153.51709,57.941895],[-153.520068,57.955762],[-153.481055,57.971045],[-153.346973,57.932812],[-153.290039,57.8979],[-153.240625,57.850098]]],[[[-155.566016,55.821191],[-155.604883,55.789551],[-155.680615,55.791846],[-155.723193,55.802197],[-155.737354,55.829785],[-155.620605,55.913086],[-155.593945,55.924316],[-155.573242,55.921094],[-155.563916,55.88667],[-155.566016,55.821191]]],[[[-154.682813,56.435791],[-154.751221,56.412158],[-154.773926,56.420264],[-154.777148,56.439893],[-154.760938,56.471143],[-154.729346,56.502148],[-154.62373,56.561328],[-154.517529,56.600537],[-154.463379,56.598193],[-154.444873,56.573193],[-154.511182,56.521436],[-154.682813,56.435791]]],[[[-154.208643,56.514893],[-154.257812,56.512695],[-154.332129,56.539014],[-154.322217,56.570605],[-154.216748,56.60874],[-154.1104,56.60293],[-154.102246,56.581641],[-154.107178,56.557812],[-154.115967,56.543896],[-154.149805,56.52959],[-154.208643,56.514893]]],[[[-160.684912,55.314795],[-160.669727,55.314258],[-160.638818,55.321924],[-160.573975,55.378271],[-160.552783,55.380762],[-160.55249,55.363379],[-160.583154,55.307617],[-160.531201,55.233203],[-160.482666,55.197412],[-160.487549,55.184863],[-160.609082,55.159033],[-160.701807,55.177637],[-160.750635,55.171191],[-160.795068,55.145215],[-160.825488,55.173975],[-160.846533,55.311328],[-160.839648,55.3354],[-160.789209,55.383105],[-160.723926,55.404639],[-160.695654,55.39834],[-160.672168,55.379395],[-160.666357,55.359424],[-160.684912,55.314795]]],[[[-162.298145,54.847021],[-162.321924,54.842383],[-162.390771,54.872998],[-162.415771,54.895898],[-162.433887,54.931543],[-162.293652,54.982861],[-162.2646,54.983496],[-162.238379,54.954736],[-162.23374,54.932031],[-162.272559,54.867188],[-162.298145,54.847021]]],[[[-162.554395,54.401367],[-162.641113,54.379541],[-162.733105,54.402295],[-162.811719,54.444385],[-162.820557,54.494531],[-162.64541,54.462061],[-162.607959,54.446631],[-162.554395,54.401367]]],[[[-159.872998,55.12876],[-159.933936,55.106836],[-159.953076,55.078955],[-159.999414,55.067187],[-160.038428,55.044482],[-160.16958,54.941699],[-160.227051,54.922705],[-160.163574,55.010449],[-160.153613,55.03833],[-160.152393,55.056885],[-160.17207,55.123047],[-160.13374,55.120166],[-160.102197,55.133887],[-160.03877,55.192529],[-159.981641,55.197754],[-159.920459,55.267529],[-159.887354,55.272998],[-159.871045,55.263574],[-159.898242,55.221289],[-159.839404,55.182373],[-159.854102,55.144678],[-159.872998,55.12876]]],[[[-165.841553,54.070654],[-165.879395,54.053027],[-165.909863,54.04917],[-165.93291,54.05918],[-166.036426,54.047168],[-166.056641,54.054346],[-166.102832,54.113965],[-166.105811,54.144824],[-166.087744,54.169141],[-166.04126,54.19126],[-165.966406,54.211035],[-165.892871,54.206982],[-165.764453,54.1521],[-165.704248,54.119922],[-165.692871,54.099902],[-165.737891,54.081104],[-165.841553,54.070654]]],[[[-165.561133,54.136719],[-165.604834,54.12915],[-165.615381,54.139551],[-165.620508,54.183545],[-165.65415,54.25332],[-165.590332,54.278662],[-165.550635,54.284521],[-165.533789,54.273877],[-165.487695,54.221875],[-165.441748,54.208008],[-165.407861,54.196826],[-165.467578,54.180908],[-165.561133,54.136719]]],[[[-160.918994,58.5771],[-160.992383,58.561035],[-161.070264,58.569141],[-161.131494,58.668213],[-161.08457,58.671289],[-160.98623,58.736426],[-160.768604,58.789209],[-160.715137,58.795215],[-160.918994,58.5771]]],[[[-172.742236,60.457373],[-172.526074,60.391748],[-172.3875,60.398486],[-172.277539,60.343652],[-172.23208,60.299121],[-172.397168,60.331104],[-172.635742,60.328857],[-172.958398,60.462793],[-173.074023,60.493213],[-173.047656,60.568311],[-172.923877,60.606836],[-172.860205,60.505664],[-172.742236,60.457373]]],[[[-170.160547,57.183936],[-170.264014,57.136768],[-170.358008,57.154199],[-170.385889,57.188574],[-170.386621,57.203027],[-170.116162,57.241797],[-170.160547,57.183936]]],[[[-169.691943,52.847363],[-169.708105,52.807129],[-169.722754,52.792334],[-169.877344,52.81377],[-169.980566,52.806006],[-169.991846,52.829834],[-169.982568,52.851025],[-169.820654,52.883398],[-169.754883,52.883643],[-169.710986,52.866748],[-169.691943,52.847363]]],[[[-170.733398,52.581494],[-170.797363,52.549756],[-170.816064,52.561523],[-170.827051,52.600732],[-170.791162,52.63125],[-170.68208,52.697559],[-170.608057,52.685059],[-170.584619,52.667578],[-170.586621,52.642432],[-170.614014,52.609619],[-170.649268,52.593115],[-170.692285,52.592969],[-170.733398,52.581494]]],[[[-172.464795,52.272266],[-172.539111,52.257471],[-172.619824,52.272852],[-172.582178,52.325635],[-172.543652,52.353809],[-172.47041,52.388037],[-172.383105,52.372949],[-172.313623,52.32959],[-172.464795,52.272266]]],[[[-169.755225,56.635059],[-169.623926,56.615137],[-169.550488,56.628125],[-169.485693,56.617725],[-169.474316,56.594043],[-169.586865,56.542432],[-169.632617,56.545703],[-169.766162,56.607959],[-169.755225,56.635059]]],[[[-176.286719,51.791992],[-176.349658,51.733301],[-176.396094,51.759863],[-176.413721,51.840576],[-176.378564,51.861133],[-176.280225,51.802832],[-176.286719,51.791992]]],[[[-176.021533,52.002441],[-176.045068,51.972998],[-176.142871,52.004297],[-176.177539,52.029834],[-176.184521,52.056055],[-176.155664,52.099414],[-176.077393,52.099951],[-176.031201,52.082324],[-175.988086,52.049463],[-175.975293,52.028955],[-176.021533,52.002441]]],[[[-177.148193,51.716748],[-177.177002,51.703711],[-177.229883,51.693555],[-177.382373,51.704834],[-177.474658,51.70127],[-177.577588,51.694189],[-177.654883,51.676562],[-177.670215,51.701074],[-177.667627,51.721191],[-177.334717,51.776221],[-177.257275,51.804932],[-177.209766,51.84126],[-177.166406,51.909424],[-177.131494,51.929785],[-177.110059,51.92876],[-177.063037,51.901904],[-177.079541,51.866553],[-177.121387,51.835791],[-177.135107,51.806934],[-177.148193,51.716748]]],[[[178.575488,51.91626],[178.511816,51.899121],[178.477734,51.942529],[178.475,51.967725],[178.509375,51.994678],[178.570605,51.977539],[178.607324,51.953027],[178.575488,51.91626]]],[[[179.451563,51.372607],[179.278125,51.372217],[178.925879,51.535059],[178.74707,51.586719],[178.647949,51.643896],[178.692188,51.655957],[178.908008,51.615576],[179.084277,51.527686],[179.181738,51.469922],[179.294336,51.42085],[179.415527,51.400879],[179.451563,51.372607]]],[[[173.722754,52.35957],[173.657813,52.356641],[173.616211,52.39126],[173.402344,52.404785],[173.424512,52.437646],[173.516504,52.451416],[173.657617,52.504102],[173.776074,52.495117],[173.744727,52.446631],[173.722754,52.35957]]],[[[-134.969775,57.351416],[-134.884863,57.241699],[-134.823193,57.156543],[-134.768506,57.054199],[-134.676855,56.842285],[-134.634082,56.762109],[-134.620703,56.718311],[-134.610547,56.603418],[-134.624316,56.578711],[-134.651709,56.556055],[-134.65708,56.523242],[-134.631689,56.435645],[-134.630029,56.302441],[-134.654004,56.22749],[-134.681885,56.216162],[-134.750293,56.240771],[-134.806445,56.28125],[-134.847998,56.323486],[-134.950146,56.456836],[-134.980566,56.518945],[-134.982422,56.563623],[-134.96665,56.596143],[-134.933203,56.616357],[-134.875098,56.670459],[-134.883447,56.679053],[-134.927588,56.666992],[-135.017822,56.660156],[-135.097168,56.702832],[-135.159033,56.725391],[-135.146582,56.802344],[-135.163135,56.824121],[-135.284814,56.800342],[-135.330615,56.821875],[-135.340625,56.850781],[-135.338379,56.893994],[-135.315137,56.931836],[-135.199609,57.027344],[-135.21123,57.044922],[-135.267383,57.048877],[-135.341357,57.081592],[-135.375293,57.188428],[-135.454932,57.249414],[-135.501953,57.243848],[-135.608936,57.071436],[-135.661865,57.03374],[-135.812305,57.009521],[-135.781641,57.05752],[-135.767725,57.100391],[-135.821143,57.23042],[-135.822754,57.28042],[-135.787109,57.317285],[-135.680908,57.332568],[-135.624512,57.354395],[-135.580566,57.38999],[-135.569629,57.424707],[-135.487305,57.516504],[-135.448682,57.534375],[-135.346289,57.533105],[-135.130664,57.431641],[-135.065234,57.416699],[-134.969775,57.351416]]],[[[-134.680273,58.16167],[-134.426123,58.138818],[-134.240088,58.143994],[-134.070166,57.994531],[-133.965527,57.873779],[-133.904102,57.789209],[-133.869287,57.70752],[-133.822754,57.628662],[-133.826904,57.617578],[-133.925,57.670801],[-133.995557,57.778467],[-134.031641,57.820605],[-134.067236,57.8396],[-134.104736,57.879346],[-134.177539,57.982178],[-134.180273,58.011133],[-134.212598,58.037939],[-134.249951,58.04917],[-134.292334,58.044727],[-134.306885,58.034375],[-134.300391,57.963428],[-134.26709,57.884521],[-134.083691,57.712256],[-133.961133,57.61416],[-133.937012,57.581592],[-133.92085,57.491992],[-133.97373,57.451367],[-133.908838,57.368701],[-133.911133,57.352539],[-133.925293,57.336768],[-134.100049,57.300098],[-134.260156,57.146777],[-134.435303,57.056982],[-134.516016,57.042578],[-134.554785,57.057568],[-134.591504,57.091992],[-134.613086,57.137939],[-134.619531,57.195508],[-134.575879,57.231738],[-134.489209,57.420166],[-134.486768,57.482031],[-134.594824,57.567822],[-134.659863,57.638086],[-134.695117,57.736035],[-134.754102,57.99502],[-134.781494,58.077832],[-134.820117,58.146875],[-134.869971,58.2021],[-134.907666,58.262793],[-134.933105,58.328955],[-134.923486,58.354639],[-134.836963,58.320166],[-134.733203,58.225],[-134.680273,58.16167]]],[[[-135.730371,58.244238],[-135.5875,58.146777],[-135.586279,58.124414],[-135.615381,58.057471],[-135.693115,58.038525],[-135.671143,58.011914],[-135.613232,57.991846],[-135.572021,58.008545],[-135.421191,58.102393],[-135.374707,58.122119],[-135.346631,58.124121],[-135.162842,58.09585],[-135.0021,58.051074],[-134.954688,58.015332],[-134.927979,57.952783],[-134.970654,57.817236],[-135.102588,57.793652],[-135.164746,57.796094],[-135.231201,57.81582],[-135.338477,57.768652],[-135.249561,57.732568],[-134.978857,57.724365],[-134.896631,57.647998],[-134.873096,57.589209],[-134.931494,57.481152],[-135.084863,57.511035],[-135.220215,57.573633],[-135.497852,57.662256],[-135.564209,57.666406],[-135.608545,57.650732],[-135.620654,57.596973],[-135.617822,57.480371],[-135.691943,57.419922],[-135.910791,57.446582],[-135.99668,57.534863],[-136.076611,57.674561],[-136.378223,57.83999],[-136.459912,57.873096],[-136.568604,57.972168],[-136.525098,58.050586],[-136.512305,58.095996],[-136.454395,58.108008],[-136.369531,58.143066],[-136.321973,58.218896],[-136.245703,58.157471],[-136.14375,58.098486],[-136.142334,58.153906],[-136.094385,58.198145],[-135.994385,58.196533],[-135.947412,58.205811],[-135.881738,58.247168],[-135.787061,58.268506],[-135.730371,58.244238]]],[[[-133.566113,56.339209],[-133.376611,56.317773],[-133.202979,56.319824],[-133.143701,56.278564],[-133.104492,56.235107],[-133.081738,56.194189],[-133.075439,56.155859],[-133.080127,56.128711],[-133.101221,56.099805],[-133.096631,56.090039],[-132.757568,55.99502],[-132.597607,55.89502],[-132.533789,55.84248],[-132.496973,55.798096],[-132.430176,55.687012],[-132.288867,55.558105],[-132.214746,55.518848],[-132.172705,55.480615],[-132.196338,55.47915],[-132.295898,55.507471],[-132.511279,55.593945],[-132.528857,55.590479],[-132.54834,55.543701],[-132.581738,55.502637],[-132.631299,55.473193],[-132.591602,55.464355],[-132.417871,55.48291],[-132.272021,55.398633],[-132.215283,55.383545],[-132.160254,55.322998],[-132.158398,55.299805],[-132.19043,55.25498],[-132.214893,55.236768],[-132.206689,55.224414],[-132.165967,55.218018],[-132.005078,55.230615],[-131.976416,55.208594],[-132.000391,55.033838],[-131.977588,54.969482],[-131.97793,54.940234],[-131.996582,54.901416],[-131.997217,54.868604],[-131.982715,54.834912],[-131.980859,54.804834],[-132.02168,54.726318],[-132.064746,54.713135],[-132.134326,54.712549],[-132.189258,54.734863],[-132.266309,54.802344],[-132.341309,54.907227],[-132.370215,54.922217],[-132.468652,54.937939],[-132.486475,54.950391],[-132.549365,54.952588],[-132.593848,54.995752],[-132.588477,55.052344],[-132.626953,55.110059],[-132.622168,55.135937],[-132.665332,55.146777],[-132.701758,55.130518],[-132.682861,55.073926],[-132.70415,55.030078],[-132.782324,55.048486],[-132.912598,55.188477],[-133.060596,55.300928],[-133.118555,55.327637],[-133.103027,55.360254],[-133.030029,55.377539],[-132.970801,55.376172],[-132.958887,55.395557],[-133.082471,55.504102],[-133.078418,55.534912],[-133.033398,55.589697],[-133.089648,55.612598],[-133.24375,55.59541],[-133.298242,55.606885],[-133.342822,55.65083],[-133.368994,55.688965],[-133.502734,55.695898],[-133.553271,55.691162],[-133.640479,55.748779],[-133.680176,55.785156],[-133.664404,55.803809],[-133.584082,55.836523],[-133.537158,55.831934],[-133.446973,55.797021],[-133.411719,55.79834],[-133.322119,55.844629],[-133.308496,55.886475],[-133.241504,55.920801],[-133.252148,55.95708],[-133.289209,56.018701],[-133.37124,56.035889],[-133.538623,55.999268],[-133.684229,55.942773],[-133.742529,55.964844],[-133.755176,55.999463],[-133.599219,56.093652],[-133.530859,56.145654],[-133.544092,56.176514],[-133.594434,56.216357],[-133.598633,56.31626],[-133.566113,56.339209]]],[[[-133.9896,56.844971],[-133.924805,56.775684],[-133.830859,56.781299],[-133.778125,56.728906],[-133.738379,56.650439],[-133.767285,56.600098],[-133.809033,56.611328],[-133.855273,56.582178],[-133.883594,56.485498],[-133.870459,56.388672],[-133.884619,56.292139],[-133.938525,56.193652],[-133.949707,56.127734],[-133.970801,56.10791],[-133.993994,56.101123],[-134.024023,56.118994],[-134.06748,56.133008],[-134.122412,56.077393],[-134.1896,56.076953],[-134.245068,56.203271],[-134.195459,56.413525],[-134.084375,56.456348],[-134.150488,56.513477],[-134.290234,56.580029],[-134.278369,56.61709],[-134.384424,56.724023],[-134.390625,56.749463],[-134.373682,56.838672],[-134.274414,56.918164],[-134.143262,56.932324],[-134.051807,56.898291],[-134.000586,56.869189],[-133.9896,56.844971]]],[[[-152.416943,58.360205],[-152.380762,58.3521],[-152.343018,58.411621],[-152.31626,58.413477],[-152.197949,58.363086],[-152.125244,58.374268],[-152.078516,58.312354],[-152.036621,58.306689],[-151.997754,58.314209],[-151.974365,58.309863],[-151.98252,58.244336],[-152.068896,58.17793],[-152.109082,58.161133],[-152.165479,58.178271],[-152.186523,58.184668],[-152.223584,58.214014],[-152.25166,58.251123],[-152.268359,58.251709],[-152.334375,58.208057],[-152.332666,58.186523],[-152.305225,58.154053],[-152.309229,58.133887],[-152.381152,58.124268],[-152.451611,58.129248],[-152.537646,58.100977],[-152.558203,58.118604],[-152.571338,58.168213],[-152.598242,58.162598],[-152.63877,58.101807],[-152.683057,58.06333],[-152.763867,58.031396],[-152.781543,58.015918],[-152.840723,58.013818],[-152.928418,57.993701],[-152.982568,57.99707],[-153.305469,58.063086],[-153.381348,58.087207],[-153.11582,58.238525],[-152.976123,58.297021],[-152.895361,58.293848],[-152.814551,58.275635],[-152.771875,58.278564],[-152.768701,58.345605],[-152.843945,58.395605],[-152.841113,58.416406],[-152.674658,58.450586],[-152.612305,58.445703],[-152.543555,58.428174],[-152.478467,58.399707],[-152.416943,58.360205]]],[[[-167.964355,53.345117],[-168.270703,53.238037],[-168.370117,53.159766],[-168.445996,53.084424],[-168.505615,53.043164],[-168.549023,53.036084],[-168.597412,53.016113],[-168.698535,52.963428],[-168.741016,52.956885],[-169.065918,52.833936],[-169.088916,52.832031],[-169.073096,52.86416],[-168.973877,52.909668],[-168.90918,52.951172],[-168.836084,53.019727],[-168.79585,53.044922],[-168.783008,53.079346],[-168.777783,53.148779],[-168.759619,53.175049],[-168.689844,53.227246],[-168.639014,53.255762],[-168.572168,53.265625],[-168.436621,53.256885],[-168.38042,53.283447],[-168.362988,53.303564],[-168.397266,53.321924],[-168.405322,53.353809],[-168.396436,53.408789],[-168.357227,53.457568],[-168.287695,53.500146],[-168.193066,53.533301],[-168.073291,53.556982],[-167.985693,53.558203],[-167.828076,53.507959],[-167.804688,53.484961],[-167.843115,53.43457],[-167.865137,53.387305],[-167.964355,53.345117]]],[[[-166.615332,53.900928],[-166.572168,53.853467],[-166.497461,53.883545],[-166.442773,53.924805],[-166.400049,53.978125],[-166.372314,53.998975],[-166.335645,53.970898],[-166.230859,53.932617],[-166.318994,53.873779],[-166.48877,53.785498],[-166.545605,53.726465],[-166.549219,53.700977],[-166.384717,53.720508],[-166.33877,53.717676],[-166.309473,53.69751],[-166.354541,53.673535],[-166.444189,53.651807],[-166.522021,53.609668],[-166.702197,53.53667],[-166.77041,53.476025],[-166.850977,53.452881],[-166.960742,53.447363],[-167.153662,53.407861],[-167.270801,53.370605],[-167.300439,53.350488],[-167.337256,53.340967],[-167.381299,53.341992],[-167.428809,53.325684],[-167.479834,53.291992],[-167.522461,53.276221],[-167.592187,53.272705],[-167.628613,53.259424],[-167.669434,53.259961],[-167.780859,53.300244],[-167.808789,53.323779],[-167.710107,53.370898],[-167.638721,53.386572],[-167.530176,53.393701],[-167.423535,53.437256],[-167.204102,53.494971],[-167.136084,53.526465],[-167.092334,53.635937],[-167.042432,53.65459],[-167.015723,53.698389],[-166.894141,53.697119],[-166.83833,53.648047],[-166.81875,53.641357],[-166.808984,53.646143],[-166.803662,53.6854],[-166.74126,53.712939],[-166.777246,53.733154],[-166.8896,53.758594],[-166.972949,53.770557],[-167.027246,53.769141],[-167.071484,53.783398],[-167.105615,53.813379],[-167.121143,53.843115],[-167.118164,53.872607],[-167.090479,53.905664],[-167.038086,53.942187],[-166.978076,53.962939],[-166.848682,53.977881],[-166.734033,54.002197],[-166.673291,54.005957],[-166.627393,53.995654],[-166.615332,53.900928]]],[[[-173.55332,52.136279],[-173.357227,52.095654],[-173.113281,52.100391],[-173.024316,52.090527],[-173.0229,52.07915],[-173.178857,52.0625],[-173.232227,52.067969],[-173.368408,52.045605],[-173.460986,52.041553],[-173.672559,52.062646],[-173.835791,52.048193],[-173.878955,52.053662],[-173.930225,52.072168],[-173.9896,52.103613],[-173.99248,52.12334],[-173.938916,52.131299],[-173.794092,52.104297],[-173.779004,52.118359],[-173.656836,52.14375],[-173.55332,52.136279]]],[[[-174.677393,52.03501],[-175.213867,51.993896],[-175.295557,52.022168],[-175.21416,52.038232],[-175.117676,52.047119],[-174.915918,52.094189],[-174.667773,52.134961],[-174.474268,52.184033],[-174.306152,52.216162],[-174.258838,52.269043],[-174.406494,52.295996],[-174.435547,52.317236],[-174.36543,52.341943],[-174.306885,52.37793],[-174.168896,52.420166],[-174.045605,52.367236],[-174.018359,52.331787],[-174.030078,52.289795],[-174.054883,52.245996],[-174.163232,52.223389],[-174.179395,52.200342],[-174.120654,52.135205],[-174.343555,52.077783],[-174.677393,52.03501]]],[[[-176.593311,51.866699],[-176.587939,51.833203],[-176.473389,51.837402],[-176.437451,51.820117],[-176.437354,51.754297],[-176.452344,51.735693],[-176.469775,51.731152],[-176.510986,51.745605],[-176.55752,51.712061],[-176.770947,51.629932],[-176.837109,51.675879],[-176.961621,51.603662],[-176.874414,51.790479],[-176.773633,51.81875],[-176.736426,51.839941],[-176.745117,51.894678],[-176.69834,51.986035],[-176.596826,51.981787],[-176.549902,51.944043],[-176.551611,51.91958],[-176.593311,51.866699]]],[[[-177.879053,51.649707],[-177.90127,51.616406],[-177.925342,51.617383],[-178.058887,51.672607],[-178.078467,51.69126],[-178.000049,51.71748],[-177.977246,51.737793],[-177.986377,51.764258],[-178.045117,51.801074],[-178.153467,51.848242],[-178.194531,51.882227],[-178.168262,51.903027],[-178.116602,51.915869],[-177.953809,51.918457],[-177.865869,51.8604],[-177.799609,51.840039],[-177.644482,51.82627],[-177.724951,51.80166],[-177.770654,51.777881],[-177.826953,51.685889],[-177.879053,51.649707]]],[[[179.727734,51.90542],[179.645215,51.880225],[179.549609,51.894043],[179.497656,51.932812],[179.503906,51.97959],[179.627148,52.03042],[179.77998,51.966846],[179.727734,51.90542]]],[[[177.41543,51.882812],[177.328516,51.841064],[177.260645,51.883691],[177.250293,51.90293],[177.380664,51.975781],[177.478418,51.991602],[177.520508,52.018213],[177.56377,52.110498],[177.636523,52.113818],[177.669629,52.103027],[177.653027,52.059766],[177.595996,51.993848],[177.594141,51.947559],[177.41543,51.882812]]],[[[172.811816,53.012988],[172.983984,52.980273],[173.102148,52.995605],[173.25166,52.942676],[173.436035,52.852051],[173.394727,52.834766],[173.348242,52.824854],[173.302539,52.825928],[173.158691,52.810791],[173.080273,52.814453],[172.935156,52.7521],[172.775586,52.796924],[172.721777,52.885547],[172.595117,52.907422],[172.494824,52.937891],[172.67793,53.007568],[172.811816,53.012988]]],[[[-155.581348,19.012012],[-155.625635,18.963916],[-155.680762,18.967676],[-155.881299,19.070508],[-155.905615,19.12583],[-155.890723,19.38252],[-155.96582,19.59082],[-156.048682,19.749951],[-155.988428,19.831592],[-155.908887,19.894727],[-155.820312,20.01416],[-155.892773,20.167383],[-155.874268,20.259814],[-155.831641,20.27583],[-155.62207,20.163428],[-155.198779,19.994385],[-155.086084,19.875635],[-155.065918,19.748193],[-154.989014,19.731982],[-154.952588,19.644629],[-154.841357,19.568164],[-154.804199,19.524463],[-154.850293,19.454102],[-155.053467,19.319189],[-155.309619,19.260156],[-155.535254,19.109082],[-155.581348,19.012012]]],[[[-157.213623,21.215381],[-157.002295,21.187939],[-156.952344,21.199707],[-156.917188,21.177295],[-156.742188,21.163525],[-156.712158,21.155078],[-156.7479,21.103564],[-156.859863,21.056348],[-157.020898,21.097803],[-157.290332,21.112598],[-157.279492,21.152344],[-157.253809,21.180566],[-157.249951,21.229785],[-157.213623,21.215381]]],[[[-156.486816,20.932568],[-156.46084,20.914746],[-156.354395,20.941455],[-156.277539,20.95127],[-156.14834,20.885498],[-156.103516,20.840332],[-156.018652,20.79209],[-155.989844,20.757129],[-156.013574,20.714795],[-156.107129,20.644775],[-156.234766,20.628613],[-156.309961,20.598779],[-156.408789,20.605176],[-156.438232,20.617871],[-156.448877,20.70625],[-156.480078,20.801221],[-156.543848,20.78999],[-156.61543,20.821826],[-156.689697,20.901416],[-156.697754,20.949072],[-156.656885,21.024512],[-156.5854,21.034326],[-156.532324,20.992676],[-156.486816,20.932568]]],[[[-157.799365,21.456641],[-157.76499,21.450928],[-157.720898,21.457715],[-157.705518,21.378076],[-157.65415,21.333936],[-157.6354,21.307617],[-157.690869,21.279736],[-157.798779,21.268604],[-157.849316,21.29082],[-157.901758,21.340576],[-157.958447,21.326904],[-157.968311,21.366895],[-157.978418,21.378516],[-158.017285,21.367725],[-157.980957,21.316113],[-158.07915,21.312256],[-158.110352,21.318604],[-158.137842,21.377148],[-158.239111,21.489355],[-158.238672,21.533057],[-158.273145,21.585254],[-158.123096,21.600244],[-158.020361,21.691797],[-157.9625,21.701367],[-157.851514,21.553369],[-157.854346,21.511914],[-157.82959,21.471436],[-157.799365,21.456641]]],[[[-159.372754,21.932373],[-159.460693,21.876123],[-159.511865,21.900391],[-159.608838,21.909521],[-159.646387,21.951758],[-159.747998,21.989844],[-159.78916,22.041797],[-159.726611,22.140186],[-159.579199,22.223145],[-159.352051,22.21958],[-159.304785,22.154053],[-159.300684,22.105273],[-159.330176,22.050684],[-159.34375,21.973633],[-159.372754,21.932373]]],[[[-160.180029,21.841064],[-160.200244,21.796875],[-160.234717,21.803662],[-160.243457,21.843066],[-160.220898,21.897266],[-160.163867,21.944043],[-160.100635,22.015234],[-160.04873,22.004639],[-160.076709,21.958105],[-160.080029,21.907422],[-160.153418,21.87876],[-160.180029,21.841064]]],[[[-156.849609,20.772656],[-156.908887,20.744482],[-156.973389,20.75752],[-156.988428,20.825684],[-157.050586,20.912451],[-156.941797,20.930029],[-156.880566,20.904834],[-156.848291,20.877783],[-156.809375,20.831152],[-156.849609,20.772656]]],[[[-74.708887,45.003857],[-74.663232,45.003906],[-74.430371,45.004199],[-74.014258,45.004687],[-73.598145,45.005176],[-73.182031,45.005615],[-72.765918,45.006104],[-72.349756,45.006592],[-71.933643,45.00708],[-71.517529,45.007568],[-71.419043,45.200342],[-71.327295,45.290088],[-71.201611,45.260352],[-71.134668,45.262842],[-71.060254,45.309131],[-70.999902,45.337256],[-70.960156,45.333105],[-70.926221,45.290723],[-70.897998,45.262451],[-70.865039,45.270703],[-70.836816,45.310693],[-70.837793,45.366162],[-70.79917,45.404785],[-70.75332,45.410693],[-70.710938,45.409473],[-70.689795,45.42832],[-70.692139,45.455371],[-70.707422,45.498926],[-70.702246,45.551367],[-70.596387,45.643994],[-70.466602,45.706836],[-70.421094,45.738232],[-70.407861,45.801904],[-70.333447,45.868066],[-70.29624,45.906104],[-70.287158,45.93916],[-70.306445,45.979834],[-70.304492,46.057373],[-70.278906,46.15],[-70.248291,46.250879],[-70.179688,46.341846],[-70.067187,46.441064],[-70.038232,46.571436],[-70.007715,46.708936],[-69.871729,46.84292],[-69.717529,46.994873],[-69.629785,47.081348],[-69.471484,47.238672],[-69.358887,47.350635],[-69.302148,47.402002],[-69.242871,47.462988],[-69.146289,47.444775],[-69.050195,47.426611],[-69.064258,47.338135],[-69.048584,47.273633],[-69.003125,47.236426],[-68.937207,47.21123],[-68.887402,47.202832],[-68.828711,47.20332],[-68.668555,47.253467],[-68.480371,47.285791],[-68.376904,47.316162],[-68.358008,47.344531],[-68.310889,47.354492],[-68.235498,47.345947],[-68.096777,47.274854],[-67.934863,47.167627],[-67.806787,47.082812],[-67.802832,46.935742],[-67.800342,46.779883],[-67.797705,46.615625],[-67.795801,46.498389],[-67.792529,46.337402],[-67.789941,46.209326],[-67.786475,46.042139],[-67.784668,45.952783],[-67.767041,45.927002],[-67.777637,45.891797],[-67.782275,45.87417],[-67.781152,45.860156],[-67.774121,45.842529],[-67.775293,45.817871],[-67.791699,45.795557],[-67.799902,45.769775],[-67.802246,45.727539],[-67.784668,45.701709],[-67.755322,45.686475],[-67.730664,45.686475],[-67.698975,45.671191],[-67.65791,45.644189],[-67.595752,45.620752],[-67.531201,45.612549],[-67.486621,45.618408],[-67.432666,45.603125],[-67.413867,45.565576],[-67.424414,45.53042],[-67.454932,45.513965],[-67.487793,45.501025],[-67.493652,45.474072],[-67.477246,45.445898],[-67.45376,45.42124],[-67.42793,45.37793],[-67.438525,45.340381],[-67.461963,45.308691],[-67.472559,45.275879],[-67.452588,45.247656],[-67.399805,45.210156],[-67.366943,45.173779],[-67.315283,45.153809],[-67.290674,45.16792],[-67.270703,45.186719],[-67.249609,45.200781],[-67.213232,45.192529],[-67.170996,45.181982],[-67.124854,45.169434],[-67.130371,45.139014],[-67.102246,45.087744],[-67.080469,44.98916],[-67.113916,44.944385],[-67.106738,44.885059],[-67.014014,44.867773],[-66.991455,44.849609],[-66.987012,44.827686],[-67.19126,44.675586],[-67.364062,44.696875],[-67.457812,44.656543],[-67.556006,44.644775],[-67.599072,44.576807],[-67.652979,44.562402],[-67.726807,44.566504],[-67.790479,44.585693],[-67.839062,44.57627],[-67.907031,44.453613],[-67.962695,44.464307],[-67.984863,44.420166],[-68.013965,44.400879],[-68.056641,44.384326],[-68.093701,44.438818],[-68.117285,44.490625],[-68.152051,44.502002],[-68.198242,44.515234],[-68.245752,44.514795],[-68.277441,44.507373],[-68.316748,44.473877],[-68.37373,44.445117],[-68.416846,44.469092],[-68.450586,44.507617],[-68.479443,44.445654],[-68.521436,44.380225],[-68.514453,44.303906],[-68.53252,44.258643],[-68.572363,44.27085],[-68.612012,44.310547],[-68.723291,44.342285],[-68.811914,44.339355],[-68.793896,44.381738],[-68.710107,44.442578],[-68.735889,44.454492],[-68.777002,44.446045],[-68.794922,44.454492],[-68.765527,44.509766],[-68.762695,44.570752],[-68.800195,44.549414],[-68.847363,44.485059],[-68.961475,44.433838],[-68.956152,44.348096],[-69.063574,44.172363],[-69.068359,44.097559],[-69.137256,44.037842],[-69.226074,43.986475],[-69.344531,44.000928],[-69.434961,43.956299],[-69.480859,43.905078],[-69.520752,43.897363],[-69.541553,43.962598],[-69.556689,43.982764],[-69.58999,43.886572],[-69.623926,43.880615],[-69.636768,43.948828],[-69.652881,43.993896],[-69.699121,43.955029],[-69.729834,43.852002],[-69.762012,43.860693],[-69.772266,43.899023],[-69.795312,43.910645],[-69.803223,43.866846],[-69.791602,43.805225],[-69.80835,43.772314],[-69.840332,43.789893],[-69.87251,43.819531],[-69.925586,43.797021],[-69.974316,43.787891],[-69.974512,43.818066],[-69.965234,43.855078],[-70.062354,43.834619],[-70.178809,43.766357],[-70.269238,43.671924],[-70.237891,43.656201],[-70.202588,43.626123],[-70.359668,43.480225],[-70.520703,43.348828],[-70.642334,43.134424],[-70.691162,43.109326],[-70.733105,43.07002],[-70.777637,42.940576],[-70.829053,42.825342],[-70.800293,42.774023],[-70.781348,42.72124],[-70.735693,42.669287],[-70.696875,42.6646],[-70.654834,42.673975],[-70.623975,42.671777],[-70.60415,42.649707],[-70.612939,42.623242],[-70.661426,42.61665],[-70.751855,42.570361],[-70.831152,42.552588],[-70.870898,42.496631],[-70.930469,42.431982],[-71.046191,42.331104],[-70.996729,42.3],[-70.817969,42.264941],[-70.738281,42.228857],[-70.617676,42.04043],[-70.645215,42.021582],[-70.656152,41.987061],[-70.548926,41.938623],[-70.514697,41.80332],[-70.42666,41.757275],[-70.295459,41.728955],[-70.13501,41.769873],[-70.001416,41.826172],[-70.006104,41.872314],[-70.090039,41.979687],[-70.110254,42.030127],[-70.172559,42.062793],[-70.19624,42.035107],[-70.236523,42.071045],[-70.241064,42.091211],[-70.203516,42.101025],[-70.159863,42.097119],[-70.108936,42.07832],[-69.977881,41.961279],[-69.941602,41.807861],[-69.933838,41.710449],[-69.948633,41.677148],[-69.986768,41.683984],[-70.059521,41.677344],[-70.404687,41.626904],[-70.481348,41.582471],[-70.657129,41.534229],[-70.668066,41.558301],[-70.655371,41.608105],[-70.666455,41.710107],[-70.701123,41.714844],[-70.974219,41.548535],[-71.079785,41.538086],[-71.168555,41.489404],[-71.188428,41.516406],[-71.204297,41.641113],[-71.14873,41.745703],[-71.17832,41.744043],[-71.271094,41.68125],[-71.310742,41.719873],[-71.330615,41.762256],[-71.35918,41.78623],[-71.390137,41.795312],[-71.363672,41.702734],[-71.426562,41.633301],[-71.443799,41.453711],[-71.522852,41.378955],[-71.769287,41.330908],[-71.929932,41.341064],[-72.073877,41.326123],[-72.265283,41.29165],[-72.371045,41.312158],[-72.479395,41.275781],[-72.847168,41.265869],[-72.924707,41.285156],[-73.02373,41.216455],[-73.182275,41.17583],[-73.583008,41.021875],[-73.671387,40.965869],[-73.779004,40.878418],[-73.85127,40.831396],[-73.910693,40.816113],[-73.947217,40.776953],[-73.987109,40.751367],[-73.948584,40.83877],[-73.906738,40.912451],[-73.871973,41.055176],[-73.882227,41.170605],[-73.925342,41.218066],[-73.969922,41.249707],[-73.917676,41.135791],[-73.909229,40.996094],[-73.927197,40.914258],[-74.025488,40.756396],[-74.067334,40.719629],[-74.11626,40.687305],[-74.153125,40.673242],[-74.187158,40.647998],[-74.226709,40.608008],[-74.264209,40.528613],[-74.241504,40.45625],[-74.049854,40.429834],[-73.998437,40.452148],[-73.972266,40.400342],[-73.957617,40.328369],[-73.971973,40.250537],[-74.004004,40.171338],[-74.02832,40.072998],[-74.048926,39.923047],[-74.079932,39.788135],[-74.083984,39.829102],[-74.0646,39.993115],[-74.095996,39.975977],[-74.117627,39.938135],[-74.176123,39.726611],[-74.256543,39.613867],[-74.330615,39.535889],[-74.407031,39.548779],[-74.389844,39.486816],[-74.41084,39.454541],[-74.428809,39.387207],[-74.474365,39.342578],[-74.517187,39.346875],[-74.578711,39.316113],[-74.602979,39.292578],[-74.604785,39.24751],[-74.645947,39.207861],[-74.794482,39.001904],[-74.923437,38.941113],[-74.954297,38.949951],[-74.920312,39.047168],[-74.897021,39.145459],[-74.975293,39.188232],[-75.050195,39.21084],[-75.136133,39.207861],[-75.231055,39.284277],[-75.353418,39.339844],[-75.524219,39.490186],[-75.519238,39.531885],[-75.523535,39.601855],[-75.471631,39.712402],[-75.421875,39.789697],[-75.353174,39.829736],[-75.153809,39.870508],[-75.103809,39.931836],[-75.07417,39.983496],[-75.172949,39.894775],[-75.320898,39.864697],[-75.400635,39.831592],[-75.464404,39.780957],[-75.502148,39.717383],[-75.587598,39.640771],[-75.581592,39.589453],[-75.567285,39.552979],[-75.573877,39.476953],[-75.519824,39.402832],[-75.412646,39.281396],[-75.392187,39.092773],[-75.3104,38.966553],[-75.185059,38.819385],[-75.088672,38.777539],[-75.083984,38.722803],[-75.128467,38.632422],[-75.187109,38.591113],[-75.11084,38.599365],[-75.072852,38.578711],[-75.035889,38.50332],[-75.03877,38.426367],[-75.05127,38.383008],[-75.074365,38.365723],[-75.073389,38.41001],[-75.089746,38.425391],[-75.116748,38.406201],[-75.134229,38.384326],[-75.141504,38.298145],[-75.16001,38.255078],[-75.225439,38.242285],[-75.291797,38.129199],[-75.353516,38.065039],[-75.596387,37.631201],[-75.587109,37.558691],[-75.631543,37.535352],[-75.698828,37.516357],[-75.766895,37.472998],[-75.812061,37.425195],[-75.854004,37.296631],[-75.934375,37.151904],[-75.984521,37.212207],[-75.997363,37.263818],[-75.975049,37.398438],[-75.888135,37.619141],[-75.792383,37.756348],[-75.719336,37.821387],[-75.659277,37.953955],[-75.735156,37.97373],[-75.85083,37.971582],[-75.829053,38.032764],[-75.795312,38.08667],[-75.855615,38.140381],[-75.891309,38.147217],[-75.928076,38.169238],[-75.884961,38.213965],[-75.863916,38.26123],[-75.876758,38.31875],[-75.858691,38.362061],[-75.888818,38.355518],[-75.937256,38.309668],[-75.967383,38.291357],[-75.985742,38.331934],[-76.006689,38.322754],[-76.020312,38.294873],[-76.051221,38.279541],[-76.116504,38.317676],[-76.21167,38.361328],[-76.264648,38.436426],[-76.294873,38.494629],[-76.26416,38.599951],[-76.198389,38.618652],[-76.112939,38.601562],[-76.000928,38.601709],[-76.016943,38.625098],[-76.056934,38.62124],[-76.175,38.706689],[-76.212988,38.758301],[-76.27832,38.772461],[-76.308105,38.722852],[-76.341162,38.709668],[-76.300342,38.818213],[-76.246973,38.822656],[-76.168164,38.852734],[-76.191064,38.915576],[-76.24082,38.943066],[-76.330664,38.908594],[-76.32959,38.952783],[-76.312744,39.009375],[-76.24502,39.00918],[-76.185693,38.990723],[-76.135205,39.082129],[-76.132959,39.122949],[-76.216846,39.063623],[-76.235693,39.191602],[-76.153125,39.315039],[-76.074365,39.368848],[-75.975977,39.367285],[-75.875977,39.375977],[-75.938721,39.398584],[-76.003125,39.41084],[-75.954736,39.459619],[-75.913477,39.468359],[-75.872949,39.510889],[-75.97041,39.50459],[-75.958936,39.585059],[-76.006299,39.568701],[-76.062988,39.561133],[-76.085059,39.527002],[-76.080713,39.470312],[-76.097266,39.433105],[-76.141357,39.403223],[-76.21582,39.379932],[-76.223047,39.420312],[-76.247656,39.438623],[-76.256836,39.352148],[-76.276367,39.322754],[-76.330811,39.403906],[-76.347168,39.387549],[-76.345068,39.364502],[-76.358984,39.324658],[-76.405664,39.303906],[-76.402783,39.252832],[-76.420898,39.225],[-76.57041,39.269336],[-76.573926,39.254297],[-76.489355,39.158691],[-76.427588,39.126025],[-76.420068,39.073877],[-76.473096,39.030615],[-76.54624,39.067969],[-76.558545,39.065234],[-76.518799,39.001172],[-76.49375,38.945215],[-76.519531,38.89834],[-76.515527,38.840625],[-76.521094,38.788281],[-76.536865,38.742627],[-76.501318,38.532178],[-76.458496,38.474951],[-76.416406,38.420215],[-76.394092,38.368994],[-76.43877,38.361523],[-76.509912,38.403662],[-76.572412,38.435791],[-76.646875,38.538525],[-76.65918,38.579541],[-76.677344,38.611963],[-76.668555,38.5375],[-76.641992,38.454346],[-76.408789,38.268262],[-76.365723,38.196875],[-76.33291,38.140771],[-76.341162,38.087012],[-76.401953,38.125049],[-76.454395,38.173535],[-76.593604,38.22832],[-76.769141,38.262939],[-76.868115,38.390283],[-76.867773,38.337158],[-76.889746,38.29209],[-76.950244,38.347021],[-76.988379,38.393896],[-77.001172,38.445264],[-77.076709,38.441748],[-77.155908,38.397119],[-77.23252,38.407715],[-77.241602,38.494824],[-77.220898,38.540967],[-77.134912,38.650098],[-77.053906,38.705811],[-77.018164,38.777734],[-77.030371,38.889258],[-77.045605,38.775781],[-77.091895,38.719531],[-77.164648,38.676562],[-77.2604,38.6],[-77.283789,38.529199],[-77.313672,38.396631],[-77.273242,38.351758],[-77.231934,38.340039],[-77.109912,38.370117],[-77.046777,38.356689],[-76.906348,38.19707],[-76.644873,38.133936],[-76.549512,38.094482],[-76.471777,38.011182],[-76.354932,37.963232],[-76.264258,37.893555],[-76.261816,37.848096],[-76.293213,37.794336],[-76.305615,37.721582],[-76.344141,37.675684],[-76.436621,37.67041],[-76.49248,37.682227],[-76.792773,37.937988],[-76.828613,37.961523],[-76.93999,38.095459],[-77.070654,38.167187],[-77.111084,38.165674],[-76.925098,38.033008],[-76.84917,37.940234],[-76.71543,37.810156],[-76.619824,37.755078],[-76.549463,37.669141],[-76.484082,37.628857],[-76.305566,37.571484],[-76.367627,37.530273],[-76.268555,37.495166],[-76.254395,37.430615],[-76.263477,37.357031],[-76.400977,37.386133],[-76.405469,37.331934],[-76.393164,37.299951],[-76.453906,37.273535],[-76.538379,37.309375],[-76.757715,37.50542],[-76.755859,37.479199],[-76.738086,37.448779],[-76.610889,37.322559],[-76.497363,37.246875],[-76.401123,37.212695],[-76.326953,37.149268],[-76.300781,37.110889],[-76.283301,37.052686],[-76.338281,37.013135],[-76.400879,36.991309],[-76.462012,37.030762],[-76.506836,37.072314],[-76.602295,37.142871],[-76.630908,37.221729],[-76.703516,37.217676],[-77.006982,37.317676],[-77.250879,37.329199],[-77.227051,37.309082],[-77.196191,37.295703],[-77.001953,37.271045],[-76.925195,37.225],[-76.76543,37.184131],[-76.671875,37.172949],[-76.633936,37.047412],[-76.504639,36.961035],[-76.487842,36.897021],[-76.399561,36.889844],[-76.244238,36.952637],[-76.143994,36.930615],[-75.999414,36.912646],[-75.966357,36.861963],[-75.941553,36.765527],[-75.89043,36.657031],[-75.757861,36.229248],[-75.558691,35.879346],[-75.53418,35.819092],[-75.580469,35.871973],[-75.728223,36.103711],[-75.809766,36.271045],[-75.893555,36.566504],[-75.917871,36.632666],[-75.946484,36.659082],[-75.965332,36.637598],[-75.973437,36.599951],[-75.959766,36.571045],[-75.992773,36.473779],[-75.978467,36.42915],[-75.924854,36.383008],[-75.866602,36.267871],[-75.820068,36.112842],[-75.883008,36.175684],[-75.950195,36.208984],[-76.054736,36.234521],[-76.147852,36.279297],[-76.141064,36.215088],[-76.15,36.145752],[-76.221777,36.166895],[-76.270605,36.189893],[-76.227393,36.116016],[-76.321191,36.138184],[-76.383691,36.133545],[-76.424316,36.067969],[-76.478809,36.028174],[-76.559375,36.015332],[-76.678906,36.075293],[-76.717627,36.148096],[-76.733643,36.22915],[-76.740039,36.133301],[-76.71875,36.033496],[-76.726221,35.957617],[-76.611133,35.943652],[-76.503516,35.956055],[-76.358301,35.952881],[-76.263574,35.96709],[-76.206543,35.991211],[-76.069775,35.970312],[-76.060059,35.878662],[-76.075684,35.787549],[-76.083594,35.690527],[-76.045703,35.691162],[-76.001172,35.722168],[-75.978906,35.895947],[-75.853906,35.960156],[-75.812012,35.955762],[-75.772217,35.899902],[-75.758838,35.843262],[-75.744727,35.765479],[-75.773926,35.646973],[-75.965967,35.508398],[-76.103516,35.380273],[-76.173828,35.35415],[-76.275244,35.369043],[-76.390234,35.40127],[-76.446631,35.407764],[-76.489502,35.397021],[-76.515625,35.436475],[-76.532471,35.508447],[-76.577197,35.532324],[-76.611035,35.529687],[-76.634131,35.453223],[-76.741406,35.431494],[-76.887256,35.463086],[-77.03999,35.527393],[-76.974463,35.458398],[-76.595459,35.329687],[-76.552783,35.305615],[-76.512939,35.27041],[-76.565967,35.215186],[-76.60752,35.152979],[-76.613379,35.10415],[-76.628027,35.07334],[-76.77915,34.990332],[-76.861035,35.00498],[-77.070264,35.154639],[-76.974951,35.025195],[-76.898633,34.970264],[-76.744971,34.940967],[-76.456738,34.989355],[-76.362207,34.936523],[-76.439795,34.84292],[-76.516895,34.777246],[-76.618018,34.769922],[-76.70708,34.752148],[-76.733203,34.706982],[-76.79668,34.70415],[-76.895898,34.701465],[-77.049512,34.697363],[-77.133887,34.70791],[-77.251758,34.615625],[-77.29624,34.60293],[-77.358398,34.620264],[-77.384473,34.694385],[-77.412256,34.730811],[-77.412939,34.592139],[-77.402051,34.554785],[-77.379785,34.526611],[-77.517676,34.451367],[-77.649658,34.35752],[-77.696973,34.331982],[-77.750732,34.284961],[-77.86084,34.14917],[-77.888037,34.050146],[-77.927832,33.939746],[-77.932861,33.989453],[-77.926025,34.073145],[-77.953271,34.168994],[-77.970557,33.993408],[-78.01333,33.911816],[-78.405859,33.917578],[-78.577686,33.873242],[-78.841455,33.724072],[-78.920312,33.658691],[-79.138184,33.405908],[-79.193799,33.244141],[-79.238379,33.312158],[-79.227344,33.363184],[-79.226465,33.404883],[-79.281348,33.31543],[-79.229248,33.185156],[-79.276025,33.1354],[-79.419922,33.042529],[-79.498682,33.027295],[-79.587109,33.000879],[-79.614941,32.909277],[-79.73501,32.824805],[-79.80498,32.787402],[-79.933105,32.810059],[-79.893652,32.728711],[-79.940723,32.667139],[-80.021777,32.619922],[-80.122559,32.589111],[-80.180322,32.592871],[-80.229687,32.576514],[-80.268359,32.537354],[-80.362842,32.500732],[-80.460986,32.521338],[-80.572217,32.533691],[-80.63418,32.511719],[-80.530029,32.475391],[-80.474268,32.422754],[-80.485742,32.351807],[-80.513623,32.324414],[-80.579346,32.287305],[-80.608203,32.292822],[-80.62583,32.32627],[-80.647217,32.395947],[-80.677783,32.381104],[-80.683057,32.348633],[-80.709326,32.337061],[-80.802539,32.448047],[-80.7979,32.363379],[-80.765332,32.29834],[-80.733838,32.265332],[-80.702051,32.245898],[-80.694238,32.215723],[-80.758008,32.142187],[-80.79082,32.12583],[-80.849219,32.113916],[-80.88208,32.068604],[-80.872363,32.02959],[-80.923437,31.944922],[-81.045557,31.892041],[-81.082861,31.894092],[-81.113281,31.878613],[-81.095508,31.840918],[-81.065039,31.813477],[-81.066113,31.787988],[-81.098389,31.753369],[-81.162109,31.743701],[-81.1979,31.704199],[-81.186572,31.666943],[-81.165527,31.646143],[-81.169922,31.610303],[-81.242383,31.574316],[-81.259375,31.538916],[-81.223389,31.528467],[-81.195703,31.538916],[-81.175439,31.531299],[-81.218896,31.472119],[-81.25791,31.436035],[-81.294971,31.371191],[-81.380957,31.353271],[-81.377734,31.332324],[-81.32915,31.31377],[-81.288477,31.263916],[-81.364893,31.171875],[-81.412598,31.179443],[-81.441748,31.199707],[-81.460352,31.127051],[-81.453223,31.088281],[-81.471387,31.009033],[-81.500586,30.91377],[-81.52041,30.874658],[-81.516211,30.801807],[-81.503955,30.731445],[-81.457178,30.640771],[-81.385742,30.269971],[-81.337109,30.141211],[-81.249512,29.793799],[-81.104541,29.456982],[-80.9,29.049854],[-80.564307,28.556396],[-80.524121,28.486084],[-80.567822,28.426465],[-80.581152,28.364697],[-80.584961,28.271582],[-80.572852,28.180859],[-80.533154,28.070068],[-80.456885,27.900684],[-80.499561,27.934473],[-80.61001,28.177588],[-80.622852,28.320361],[-80.606934,28.5229],[-80.632861,28.518018],[-80.653906,28.452197],[-80.665479,28.374902],[-80.693506,28.344971],[-80.731738,28.462891],[-80.729053,28.516211],[-80.688477,28.578516],[-80.700244,28.600928],[-80.765918,28.632812],[-80.779883,28.682959],[-80.770996,28.732471],[-80.808691,28.758936],[-80.838184,28.757666],[-80.818408,28.635596],[-80.787207,28.560645],[-80.748633,28.381006],[-80.686377,28.272168],[-80.650098,28.180908],[-80.226123,27.207031],[-80.125781,27.083008],[-80.088672,26.993945],[-80.050049,26.807715],[-80.041309,26.568604],[-80.110596,26.131592],[-80.126367,25.833496],[-80.136279,25.842627],[-80.14292,25.874023],[-80.158936,25.87832],[-80.219092,25.741748],[-80.30083,25.618555],[-80.327734,25.4271],[-80.366943,25.33125],[-80.484668,25.229834],[-80.557617,25.232422],[-80.736523,25.156348],[-80.862207,25.176172],[-81.011963,25.133252],[-81.110498,25.138037],[-81.167383,25.228516],[-81.158691,25.268994],[-81.136035,25.309668],[-81.097656,25.319141],[-80.965381,25.224316],[-80.94043,25.264209],[-80.980371,25.31167],[-81.056836,25.338135],[-81.11333,25.367236],[-81.227148,25.583398],[-81.345068,25.731836],[-81.364941,25.831055],[-81.568262,25.891553],[-81.715479,25.983154],[-81.811475,26.146094],[-81.866553,26.43501],[-81.931494,26.46748],[-81.958936,26.489941],[-81.895508,26.597168],[-81.828662,26.687061],[-81.881543,26.664697],[-81.920557,26.631445],[-81.970166,26.552051],[-82.006396,26.539844],[-82.0396,26.552051],[-82.077881,26.704346],[-82.066943,26.891553],[-82.013281,26.961572],[-82.095703,26.963428],[-82.181104,26.936768],[-82.168604,26.874365],[-82.180664,26.840088],[-82.242871,26.848877],[-82.290039,26.870801],[-82.354053,26.935742],[-82.441357,27.059668],[-82.620459,27.401074],[-82.655371,27.449219],[-82.7146,27.499609],[-82.686719,27.515283],[-82.63584,27.524561],[-82.52085,27.678271],[-82.430518,27.771143],[-82.400537,27.8354],[-82.405762,27.862891],[-82.445703,27.902832],[-82.498145,27.86792],[-82.520605,27.877881],[-82.57959,27.958447],[-82.635937,27.981201],[-82.675195,27.96377],[-82.633789,27.897754],[-82.596582,27.873242],[-82.610986,27.777246],[-82.626025,27.745996],[-82.660889,27.718408],[-82.715332,27.733105],[-82.742871,27.709375],[-82.775293,27.734375],[-82.807568,27.776562],[-82.843506,27.845996],[-82.748535,28.236816],[-82.660645,28.48584],[-82.650586,28.769922],[-82.644043,28.812012],[-82.651465,28.8875],[-82.769336,29.051562],[-83.290479,29.451904],[-83.694385,29.925977],[-84.044238,30.103809],[-84.309668,30.064746],[-84.355615,30.029004],[-84.375342,29.982275],[-84.358691,29.929395],[-84.382812,29.907373],[-84.454053,29.910156],[-84.55,29.897852],[-84.800537,29.773047],[-84.888916,29.777637],[-84.969189,29.745312],[-85.029297,29.721094],[-85.186035,29.70791],[-85.318945,29.680225],[-85.376367,29.695215],[-85.413818,29.767578],[-85.413818,29.84248],[-85.383447,29.785059],[-85.336426,29.740137],[-85.314893,29.758105],[-85.306836,29.797852],[-85.353613,29.875732],[-85.504297,29.975781],[-85.675781,30.121924],[-85.623486,30.11709],[-85.610254,30.148389],[-85.663428,30.189453],[-85.640967,30.236914],[-85.603516,30.286768],[-85.675879,30.279297],[-85.74082,30.244385],[-85.742969,30.20127],[-85.755811,30.166992],[-85.790771,30.171973],[-85.855664,30.214404],[-86.175146,30.33252],[-86.454443,30.399121],[-86.240088,30.429102],[-86.123828,30.405811],[-86.137695,30.441553],[-86.165674,30.464258],[-86.257373,30.493018],[-86.37417,30.48208],[-86.447949,30.495605],[-86.523389,30.46709],[-86.606055,30.424707],[-86.679639,30.402881],[-86.967627,30.372363],[-87.201172,30.339258],[-87.163721,30.374219],[-87.123779,30.39668],[-86.985791,30.430859],[-86.965137,30.501904],[-86.997559,30.570312],[-87.033887,30.553906],[-87.072021,30.500439],[-87.118799,30.538965],[-87.170605,30.53877],[-87.184668,30.453711],[-87.251074,30.39668],[-87.281055,30.339258],[-87.475781,30.294287],[-87.500732,30.309277],[-87.44375,30.363818],[-87.448291,30.394141],[-87.513281,30.368115],[-87.622266,30.264746],[-88.005957,30.230908],[-87.98501,30.254395],[-87.904004,30.259082],[-87.790283,30.291797],[-87.813281,30.346875],[-87.857129,30.407422],[-87.897607,30.41416],[-87.924316,30.449658],[-87.922998,30.561523],[-87.948877,30.626904],[-88.011328,30.694189],[-88.032422,30.68125],[-88.078369,30.566211],[-88.116553,30.415332],[-88.135449,30.366602],[-88.249219,30.363184],[-88.349902,30.373486],[-88.69209,30.355371],[-88.819922,30.406494],[-88.872949,30.416309],[-88.905225,30.415137],[-89.054053,30.368262],[-89.223633,30.332373],[-89.263574,30.343652],[-89.320557,30.345312],[-89.443506,30.223145],[-89.588477,30.165967],[-89.954248,30.26875],[-90.045215,30.351416],[-90.125977,30.369092],[-90.225293,30.379297],[-90.331982,30.277588],[-90.413037,30.140332],[-90.284961,30.065088],[-90.175342,30.029102],[-89.994189,30.059277],[-89.894043,30.125879],[-89.812256,30.123682],[-89.773145,30.137207],[-89.737451,30.171973],[-89.667529,30.144531],[-89.665039,30.117041],[-89.714697,30.07832],[-89.777246,30.045703],[-89.815186,30.007275],[-89.743799,29.929834],[-89.631689,29.903809],[-89.589502,29.915039],[-89.563379,30.0021],[-89.494434,30.058154],[-89.400732,30.046045],[-89.414062,30.010889],[-89.400928,29.977686],[-89.357861,29.920996],[-89.362793,29.839795],[-89.354443,29.820215],[-89.45542,29.784375],[-89.530664,29.772217],[-89.590869,29.725293],[-89.559326,29.698047],[-89.620654,29.674121],[-89.662109,29.683691],[-89.682959,29.674854],[-89.689209,29.646045],[-89.720898,29.619287],[-89.674805,29.538672],[-89.580322,29.486035],[-89.513672,29.420068],[-89.245703,29.333203],[-89.180762,29.335693],[-89.116846,29.248242],[-89.065332,29.218164],[-89.015723,29.202881],[-89.021387,29.142725],[-89.109521,29.098682],[-89.13335,29.046143],[-89.155518,29.016602],[-89.195264,29.054004],[-89.236084,29.081104],[-89.330566,28.998682],[-89.376123,28.981348],[-89.353516,29.070215],[-89.389209,29.105029],[-89.443164,29.194141],[-89.521777,29.249268],[-89.577148,29.267529],[-89.620264,29.302393],[-89.672461,29.316504],[-89.716992,29.312891],[-89.792383,29.333203],[-89.797363,29.380615],[-89.818262,29.416113],[-89.877246,29.458008],[-90.159082,29.537158],[-90.160791,29.504395],[-90.14126,29.479736],[-90.100781,29.46333],[-90.052344,29.431396],[-90.052783,29.336816],[-90.07373,29.296777],[-90.082715,29.239746],[-90.101367,29.181787],[-90.13584,29.136084],[-90.212793,29.104932],[-90.246729,29.131006],[-90.301611,29.255811],[-90.379199,29.295117],[-90.50249,29.299756],[-90.58623,29.271533],[-90.67749,29.150635],[-90.751025,29.130859],[-91.002734,29.193506],[-91.290137,29.288965],[-91.282715,29.320752],[-91.2375,29.330957],[-91.150781,29.31792],[-91.155371,29.350684],[-91.243994,29.457324],[-91.260254,29.505469],[-91.248828,29.564209],[-91.277734,29.562891],[-91.330957,29.513574],[-91.514209,29.555371],[-91.564795,29.605322],[-91.672461,29.746094],[-91.824414,29.750684],[-91.893164,29.836035],[-92.017334,29.800293],[-92.080225,29.760742],[-92.135498,29.699463],[-92.113965,29.667676],[-92.058887,29.617188],[-92.084033,29.592822],[-92.26084,29.556836],[-92.671289,29.59707],[-92.791309,29.634668],[-92.952393,29.71416],[-93.175684,29.778955],[-93.283203,29.789404],[-93.388477,29.776562],[-93.694824,29.769922],[-93.765918,29.752686],[-93.826465,29.725146],[-93.865723,29.755615],[-93.883887,29.81001],[-93.84834,29.818848],[-93.808789,29.85083],[-93.773096,29.914062],[-93.769043,29.952295],[-93.793994,29.977246],[-93.841455,29.979736],[-93.946289,29.81499],[-93.886377,29.722656],[-93.890479,29.689355],[-94.099658,29.67041],[-94.574463,29.484521],[-94.759619,29.384277],[-94.750146,29.418018],[-94.52627,29.547949],[-94.605322,29.567822],[-94.732617,29.535352],[-94.778271,29.547852],[-94.724365,29.655273],[-94.741943,29.75],[-94.832324,29.752588],[-94.889893,29.676953],[-94.929883,29.680176],[-94.982275,29.712598],[-95.022852,29.702344],[-94.992822,29.530957],[-94.935889,29.460449],[-94.888281,29.370557],[-95.018311,29.259473],[-95.139062,29.167822],[-95.152148,29.079248],[-95.273486,28.963867],[-95.387646,28.898438],[-95.655859,28.744629],[-95.732373,28.711719],[-95.853418,28.640332],[-96.02041,28.586816],[-96.180518,28.501855],[-96.234521,28.488965],[-96.132275,28.560889],[-96.011035,28.631934],[-96.115039,28.622217],[-96.275342,28.655127],[-96.373437,28.657031],[-96.374121,28.631104],[-96.44873,28.594482],[-96.526025,28.648291],[-96.559717,28.684473],[-96.575684,28.715723],[-96.608496,28.723291],[-96.640039,28.708789],[-96.524658,28.488721],[-96.475488,28.479199],[-96.421094,28.457324],[-96.488818,28.406055],[-96.561719,28.367139],[-96.676367,28.341309],[-96.773535,28.421631],[-96.79458,28.32085],[-96.806885,28.220215],[-96.839502,28.194385],[-96.891602,28.157568],[-96.919873,28.185352],[-96.933301,28.224268],[-96.96665,28.189551],[-97.015479,28.163477],[-97.096045,28.158252],[-97.156494,28.144336],[-97.155078,28.102637],[-97.14126,28.060742],[-97.034326,28.093848],[-97.073096,27.986084],[-97.171436,27.87959],[-97.251562,27.854443],[-97.374121,27.87002],[-97.404395,27.859326],[-97.431494,27.837207],[-97.288721,27.670605],[-97.380469,27.419336],[-97.439111,27.328271],[-97.479785,27.316602],[-97.523877,27.313965],[-97.682129,27.394922],[-97.768457,27.45752],[-97.692383,27.287158],[-97.485107,27.237402],[-97.474512,27.172949],[-97.475684,27.117871],[-97.516504,27.053223],[-97.554688,26.967334],[-97.526514,26.90752],[-97.493799,26.759619],[-97.46582,26.691748],[-97.435059,26.48584],[-97.402344,26.396533],[-97.213916,26.067871],[-97.150391,26.065332],[-97.140186,26.029736],[-97.14624,25.961475],[-97.281787,25.941602],[-97.338672,25.911182],[-97.349756,25.884766],[-97.358154,25.870508],[-97.375635,25.871826],[-97.440283,25.89082],[-97.587256,25.98418],[-97.801416,26.042041],[-98.082812,26.064453],[-98.275049,26.111182],[-98.378125,26.182373],[-98.485889,26.224561],[-98.598291,26.237842],[-98.691406,26.276465],[-98.765234,26.34043],[-98.873193,26.38125],[-99.015283,26.398975],[-99.107764,26.446924],[-99.17207,26.56416],[-99.172363,26.565918],[-99.229932,26.761914],[-99.302441,26.884717],[-99.443555,27.03667],[-99.456494,27.056641],[-99.456543,27.056689],[-99.457715,27.081689],[-99.440234,27.170117],[-99.455127,27.233691],[-99.499805,27.285498],[-99.510059,27.340332],[-99.48584,27.398047],[-99.484277,27.467383],[-99.505322,27.54834],[-99.595312,27.635889],[-99.754248,27.729932],[-99.889648,27.867285],[-100.001416,28.047852],[-100.111963,28.172949],[-100.221289,28.242627],[-100.296045,28.327686],[-100.336279,28.428125],[-100.348145,28.486426],[-100.331738,28.502539],[-100.398926,28.614209],[-100.549707,28.821338],[-100.636328,28.972803],[-100.658643,29.068555],[-100.75459,29.18252],[-100.924121,29.314697],[-101.016309,29.400684],[-101.038623,29.460303],[-101.038965,29.4604],[-101.303516,29.634082],[-101.380371,29.742578],[-101.440381,29.776855],[-101.509277,29.773145],[-101.544629,29.783545],[-101.546387,29.808057],[-101.568701,29.809229],[-101.611621,29.786963],[-101.752344,29.782471],[-101.990918,29.795703],[-102.163086,29.825244],[-102.268945,29.871191],[-102.343066,29.86499],[-102.385645,29.806641],[-102.47627,29.769092],[-102.614941,29.752344],[-102.73418,29.643945],[-102.833984,29.443945],[-102.877832,29.315332],[-102.865674,29.258008],[-102.891992,29.216406],[-102.956836,29.190381],[-103.022852,29.132227],[-103.08999,29.041895],[-103.168311,28.998193],[-103.257715,29.001123],[-103.422949,29.070703],[-103.663965,29.206885],[-103.85293,29.291064],[-103.989746,29.323145],[-104.110596,29.386133],[-104.215527,29.479883],[-104.312207,29.542432],[-104.400635,29.57373],[-104.504004,29.677686],[-104.622217,29.854297],[-104.681348,29.990527],[-104.681348,30.134375],[-104.835889,30.447656],[-104.917871,30.58335],[-104.978809,30.645947],[-105.098145,30.720557],[-105.27583,30.807275],[-105.514014,30.980762],[-105.812695,31.241016],[-106.024072,31.397754],[-106.148047,31.450928],[-106.255713,31.544678],[-106.346973,31.679004],[-106.436035,31.764453],[-106.44541,31.768408],[-106.453223,31.770166],[-106.673047,31.771338],[-106.892871,31.772461],[-107.112695,31.773633],[-107.33252,31.774756],[-107.552344,31.775879],[-107.772217,31.777051],[-107.992041,31.778174],[-108.211816,31.779346],[-108.2125,31.666846],[-108.213184,31.554395],[-108.213818,31.441895],[-108.214453,31.329443],[-108.567871,31.328809],[-108.921338,31.328125],[-109.274756,31.327441],[-109.628223,31.326807],[-109.981641,31.326172],[-110.335107,31.325537],[-110.688525,31.324854],[-111.041992,31.324219],[-111.516211,31.472266],[-111.990479,31.620215],[-112.464746,31.768262],[-112.938965,31.91626],[-113.413184,32.064307],[-113.887451,32.212305],[-114.361719,32.360303],[-114.835938,32.508301],[-114.787988,32.564795],[-114.724756,32.715332],[-114.839062,32.704736],[-115.125195,32.683301],[-115.411377,32.661865],[-115.69751,32.640479],[-115.983691,32.619043],[-116.269824,32.597607],[-116.555957,32.576221],[-116.84209,32.554785],[-117.128271,32.53335],[-117.130469,32.539746],[-117.137402,32.64917],[-117.18374,32.687891],[-117.243457,32.664014],[-117.270703,32.80625],[-117.255762,32.873389],[-117.262988,32.938867],[-117.318848,33.100049],[-117.467432,33.295508],[-117.788525,33.538477],[-117.9521,33.619629],[-118.080518,33.722168],[-118.161914,33.750684],[-118.264404,33.758594],[-118.294189,33.712305],[-118.410449,33.743945],[-118.392969,33.858301],[-118.506201,34.017383],[-118.598828,34.03501],[-118.832031,34.024463],[-119.14375,34.112012],[-119.23584,34.164111],[-119.267676,34.257422],[-119.413672,34.338574],[-119.606055,34.418018],[-119.713184,34.399658],[-119.85332,34.411963],[-120.052979,34.469287],[-120.169531,34.476465],[-120.396484,34.45957],[-120.481201,34.471631],[-120.559814,34.543896],[-120.644678,34.57998],[-120.626709,34.668945],[-120.637598,34.749365],[-120.624902,34.811963],[-120.663037,34.949268],[-120.633594,35.076465],[-120.659082,35.122412],[-120.707031,35.157666],[-120.857373,35.209668],[-120.884863,35.274951],[-120.860303,35.36543],[-120.899609,35.425098],[-121.022852,35.480762],[-121.137939,35.607129],[-121.283838,35.676318],[-121.343848,35.792236],[-121.43374,35.863867],[-121.46499,35.927393],[-121.664355,36.154053],[-121.877393,36.331055],[-121.910156,36.43291],[-121.918652,36.572363],[-121.835156,36.657471],[-121.78999,36.732275],[-121.794531,36.800977],[-121.807422,36.851221],[-121.880664,36.938916],[-122.164209,36.990967],[-122.394922,37.20752],[-122.408447,37.373145],[-122.499219,37.542627],[-122.500439,37.652783],[-122.514209,37.771973],[-122.445605,37.797998],[-122.384082,37.788525],[-122.390283,37.741064],[-122.369727,37.655859],[-122.297607,37.591846],[-122.228662,37.563916],[-122.166016,37.50166],[-122.119043,37.482812],[-122.070508,37.478271],[-122.096533,37.518213],[-122.124121,37.543799],[-122.158057,37.626465],[-122.222217,37.732031],[-122.295996,37.790332],[-122.333447,37.896582],[-122.365479,37.921191],[-122.385449,37.960596],[-122.314258,38.007324],[-122.217041,38.040625],[-122.086719,38.049609],[-121.716846,38.034082],[-121.638086,38.061279],[-121.572998,38.052393],[-121.525342,38.055908],[-121.625732,38.083936],[-121.682227,38.074805],[-121.748633,38.080469],[-121.880762,38.075],[-121.93418,38.086816],[-121.993115,38.120117],[-122.031494,38.123535],[-122.15376,38.065527],[-122.208301,38.072559],[-122.337109,38.135889],[-122.393359,38.144824],[-122.483887,38.108838],[-122.494922,37.953564],[-122.466895,37.838184],[-122.521338,37.826416],[-122.58418,37.874072],[-122.680713,37.902344],[-122.7604,37.945654],[-122.872949,38.026074],[-122.931982,38.055469],[-122.998779,37.988623],[-123.001465,38.019287],[-122.968164,38.097021],[-122.977588,38.227344],[-122.876807,38.12334],[-122.908154,38.196582],[-122.986523,38.2771],[-123.046191,38.305078],[-123.121143,38.449268],[-123.289746,38.53584],[-123.424805,38.675635],[-123.701123,38.907275],[-123.719531,39.110986],[-123.820312,39.368408],[-123.777783,39.514941],[-123.783496,39.618701],[-123.83291,39.775488],[-123.884473,39.860791],[-124.108496,40.094531],[-124.324023,40.251953],[-124.356543,40.371094],[-124.37168,40.491211],[-124.324512,40.598096],[-124.283691,40.710547],[-124.253906,40.740283],[-124.242334,40.727881],[-124.250586,40.703906],[-124.22002,40.696484],[-124.208447,40.746094],[-124.190234,40.771729],[-124.22251,40.775049],[-124.219189,40.790723],[-124.199902,40.82207],[-124.133105,40.969775],[-124.140039,41.155908],[-124.068506,41.38418],[-124.071924,41.459521],[-124.117676,41.621729],[-124.163232,41.718994],[-124.244629,41.787939],[-124.20874,41.888574],[-124.21167,41.984619],[-124.355273,42.1229],[-124.41001,42.304346],[-124.420508,42.381006],[-124.406152,42.583691],[-124.443799,42.670215],[-124.539648,42.812891],[-124.498584,42.936865],[-124.454443,43.012354],[-124.346582,43.34165],[-124.320605,43.368213],[-124.275488,43.367383],[-124.196924,43.42334],[-124.233154,43.436377],[-124.287988,43.409717],[-124.239209,43.540039],[-124.184375,43.651562],[-124.14873,43.691748],[-124.130664,44.055664],[-124.09917,44.333789],[-124.047461,44.425488],[-124.06543,44.520068],[-124.044531,44.648242],[-124.05918,44.777734],[-123.948584,45.40083],[-123.963086,45.476074],[-123.929346,45.576953],[-123.96123,45.842969],[-123.947119,46.140576],[-123.975244,46.17832],[-123.989307,46.219385],[-123.962939,46.225439],[-123.91167,46.182178],[-123.673633,46.182617],[-123.521631,46.222656],[-123.466357,46.209424],[-123.402295,46.15498],[-123.321582,46.143994],[-123.220605,46.153613],[-123.251318,46.167285],[-123.298682,46.17085],[-123.404736,46.220996],[-123.464844,46.271094],[-123.650342,46.267725],[-123.688379,46.299854],[-123.895703,46.267773],[-123.959766,46.300732],[-124.072754,46.279443],[-124.045117,46.3729],[-124.050195,46.490527],[-124.044336,46.605078],[-124.016406,46.521387],[-123.946143,46.432568],[-123.912402,46.53335],[-123.88916,46.66001],[-123.957715,46.708691],[-124.07168,46.744775],[-124.112549,46.862695],[-123.842871,46.963184],[-123.986035,46.984473],[-124.042236,47.029687],[-124.111719,47.035205],[-124.116797,47.000342],[-124.139258,46.954687],[-124.163574,47.015332],[-124.170508,47.08667],[-124.198828,47.208545],[-124.309277,47.40459],[-124.376025,47.658643],[-124.460059,47.784229],[-124.621094,47.90415],[-124.663086,47.974121],[-124.70166,48.15166],[-124.67998,48.285889],[-124.709961,48.380371],[-124.632617,48.375049],[-124.429053,48.300781],[-124.175488,48.242432],[-124.098779,48.2],[-123.975781,48.168457],[-123.294434,48.119531],[-123.249902,48.124219],[-123.161865,48.154541],[-123.124414,48.150928],[-123.024219,48.081592],[-122.973877,48.073291],[-122.908887,48.076904],[-122.860889,48.090039],[-122.778613,48.137598],[-122.767529,48.12002],[-122.769092,48.075977],[-122.739746,48.013232],[-122.679492,47.931787],[-122.656641,47.881152],[-122.778418,47.738428],[-122.801758,47.735352],[-122.805371,47.783643],[-122.821387,47.793164],[-123.050635,47.551953],[-123.131055,47.437744],[-123.139062,47.386084],[-123.136328,47.355811],[-123.104199,47.348389],[-123.030908,47.360205],[-122.922168,47.407666],[-122.916895,47.417969],[-123.018213,47.401074],[-123.066797,47.399658],[-123.060156,47.453662],[-123.048633,47.479346],[-122.982471,47.559375],[-122.912891,47.607373],[-122.814063,47.658545],[-122.757129,47.700537],[-122.717871,47.762109],[-122.608154,47.835498],[-122.587891,47.855957],[-122.592676,47.916406],[-122.585742,47.927881],[-122.532813,47.919727],[-122.510791,47.815723],[-122.523926,47.769336],[-122.618408,47.712793],[-122.630176,47.692822],[-122.613623,47.615625],[-122.628271,47.608154],[-122.664307,47.617236],[-122.675488,47.612354],[-122.58584,47.528418],[-122.557422,47.463184],[-122.553564,47.404932],[-122.577881,47.293164],[-122.603906,47.274609],[-122.648633,47.281445],[-122.707715,47.316406],[-122.720898,47.305127],[-122.767773,47.218359],[-122.783301,47.225977],[-122.812549,47.328955],[-122.828467,47.336572],[-122.919531,47.289648],[-122.956201,47.24458],[-122.987646,47.172559],[-123.027588,47.138916],[-122.91416,47.131494],[-122.811963,47.145996],[-122.729883,47.111816],[-122.701953,47.110889],[-122.627051,47.144238],[-122.60415,47.166992],[-122.542187,47.275586],[-122.511084,47.29502],[-122.464844,47.295801],[-122.420117,47.312109],[-122.353809,47.371582],[-122.351123,47.395215],[-122.375244,47.528369],[-122.368359,47.603906],[-122.380762,47.627832],[-122.410498,47.652637],[-122.406787,47.676758],[-122.383643,47.716455],[-122.381982,47.752344],[-122.401807,47.784277],[-122.392871,47.820557],[-122.330322,47.898633],[-122.318457,47.933057],[-122.241992,48.010742],[-122.261279,48.042041],[-122.31748,48.080176],[-122.352979,48.113818],[-122.388672,48.166357],[-122.41582,48.183936],[-122.424707,48.175928],[-122.386621,48.089941],[-122.394775,48.084131],[-122.494043,48.130469],[-122.516992,48.159668],[-122.52915,48.199316],[-122.520312,48.229102],[-122.467041,48.258496],[-122.403369,48.269189],[-122.408545,48.293896],[-122.488428,48.374316],[-122.54165,48.410937],[-122.582568,48.428662],[-122.637793,48.433301],[-122.6625,48.446387],[-122.668994,48.465234],[-122.657275,48.48999],[-122.627979,48.4979],[-122.542676,48.487988],[-122.496777,48.505566],[-122.501074,48.5375],[-122.514795,48.555176],[-122.512744,48.669434],[-122.545117,48.762305],[-122.562012,48.777979],[-122.580176,48.77959],[-122.599414,48.76709],[-122.653027,48.763867],[-122.685937,48.794287],[-122.722461,48.853027],[-122.78877,48.993018],[-122.686377,48.993018],[-122.26001,48.993018],[-121.833594,48.993018],[-121.407227,48.993018],[-120.980859,48.993018],[-120.554492,48.993018],[-120.128076,48.993018],[-119.701709,48.993018],[-119.275342,48.993066],[-118.848926,48.993066],[-118.422559,48.993066],[-117.996191,48.993066],[-117.569775,48.993066],[-117.143408,48.993066],[-116.717041,48.993066],[-116.290625,48.993066],[-115.864258,48.993066],[-115.437891,48.993066],[-115.011523,48.993066],[-114.585107,48.993066],[-114.15874,48.993066],[-113.732373,48.993066],[-113.305957,48.993066],[-112.87959,48.993066],[-112.453223,48.993066],[-112.026807,48.993066],[-111.600439,48.993066],[-111.174072,48.993066],[-110.747656,48.993066],[-110.321289,48.993066],[-109.894922,48.993066],[-109.468555,48.993066],[-109.042139,48.993115],[-108.615771,48.993115],[-108.189404,48.993115],[-107.762988,48.993115],[-107.336621,48.993115],[-106.910254,48.993115],[-106.483838,48.993115],[-106.057471,48.993115],[-105.631104,48.993115],[-105.204687,48.993115],[-104.77832,48.993115],[-104.351953,48.993115],[-103.925586,48.993115],[-103.49917,48.993115],[-103.072803,48.993115],[-102.646436,48.993115],[-102.22002,48.993115],[-101.793652,48.993115],[-101.367285,48.993115],[-100.940869,48.993115],[-100.514502,48.993115],[-100.088135,48.993115],[-99.661719,48.993115],[-99.235352,48.993115],[-98.808984,48.993164],[-98.382617,48.993164],[-97.956201,48.993164],[-97.529834,48.993164],[-97.103467,48.993164],[-96.677051,48.993164],[-96.250684,48.993164],[-95.824316,48.993164],[-95.3979,48.993164],[-95.162061,48.991748],[-95.158252,49.203076],[-95.155273,49.369678],[-94.939355,49.349414],[-94.874805,49.319043],[-94.854346,49.30459],[-94.8604,49.258594],[-94.842578,49.119189],[-94.803467,49.00293],[-94.712793,48.863428],[-94.712549,48.862988],[-94.705078,48.808496],[-94.675342,48.774414],[-94.620898,48.742627],[-94.41416,48.704102],[-94.055176,48.659033],[-93.851611,48.607275],[-93.803564,48.548926],[-93.707715,48.525439],[-93.564258,48.536914],[-93.463623,48.561279],[-93.377881,48.616553],[-93.257959,48.628857],[-93.155225,48.625342],[-93.051709,48.619873],[-92.99624,48.611816],[-92.836719,48.567773],[-92.732666,48.531836],[-92.583252,48.465088],[-92.500586,48.435352],[-92.460889,48.365869],[-92.4146,48.276611],[-92.348437,48.276611],[-92.298682,48.328906],[-92.171777,48.338379],[-92.005176,48.301855],[-91.858398,48.197559],[-91.647314,48.10459],[-91.518311,48.058301],[-91.387207,48.058545],[-91.220654,48.10459],[-91.043457,48.193701],[-90.916064,48.209131],[-90.840332,48.200537],[-90.797314,48.131055],[-90.744385,48.10459],[-90.60708,48.112598],[-90.320117,48.09917],[-90.091797,48.118115],[-90.039941,48.078174],[-89.993652,48.015332],[-89.901025,47.995459],[-89.775391,48.015332],[-89.550586,47.999902],[-89.455664,47.99624],[-89.273193,48.019971],[-89.185645,48.047412],[-89.062598,48.093799],[-88.898682,48.155713],[-88.611768,48.264014],[-88.378174,48.303076],[-88.160645,48.225391],[-87.987451,48.156885],[-87.920508,48.130371],[-87.743896,48.060547],[-87.494238,47.961768],[-87.208008,47.848486],[-86.921826,47.735205],[-86.672168,47.636426],[-86.495557,47.566602],[-86.428564,47.540088],[-86.234473,47.460059],[-86.040381,47.380029],[-85.846338,47.3],[-85.652246,47.219971],[-85.458203,47.139941],[-85.264111,47.059961],[-85.070068,46.979932],[-84.875977,46.899902],[-84.827051,46.766846],[-84.779395,46.637305],[-84.665771,46.543262],[-84.561768,46.457373],[-84.501562,46.461865],[-84.440479,46.498145],[-84.401709,46.515625],[-84.336719,46.518506],[-84.192187,46.549561],[-84.149463,46.542773],[-84.125195,46.527246],[-84.123193,46.50293],[-84.128125,46.483594],[-84.150488,46.444775],[-84.115186,46.370801],[-84.107764,46.288623],[-84.088379,46.226514],[-84.029199,46.147021],[-83.977783,46.084912],[-83.913037,46.0729],[-83.763184,46.109082],[-83.669287,46.122754],[-83.615967,46.116846],[-83.524756,46.058691],[-83.480127,46.02373],[-83.469482,45.994678],[-83.592676,45.817139],[-83.397314,45.729053],[-83.179297,45.632764],[-82.919336,45.517969],[-82.7604,45.447705],[-82.551074,45.347363],[-82.515234,45.204395],[-82.485059,45.08374],[-82.446582,44.915527],[-82.407373,44.743945],[-82.368262,44.572998],[-82.326807,44.391553],[-82.28125,44.192236],[-82.240771,44.015332],[-82.196582,43.822217],[-82.137842,43.570898],[-82.190381,43.474072],[-82.304785,43.263232],[-82.408203,43.072656],[-82.417236,43.017383],[-82.48833,42.739502],[-82.545312,42.624707],[-82.645117,42.558057],[-82.744189,42.493457],[-82.867773,42.385205],[-83.003711,42.331738],[-83.073145,42.300293],[-83.109521,42.250684],[-83.149658,42.141943],[-83.141943,41.975879],[-83.02998,41.832959],[-82.866211,41.753027],[-82.690039,41.675195],[-82.439062,41.674854],[-82.21333,41.778711],[-81.97417,41.888721],[-81.760937,41.986816],[-81.507324,42.103467],[-81.277637,42.20918],[-81.028223,42.247168],[-80.682617,42.299756],[-80.247559,42.366016],[-80.035742,42.441455],[-79.762012,42.538965],[-79.44624,42.651465],[-79.17373,42.748535],[-79.036719,42.802344],[-78.939258,42.863721],[-78.915088,42.909131],[-78.92085,42.935205],[-78.945996,42.961328],[-78.980762,42.980615],[-79.01167,42.997021],[-79.026172,43.017334],[-79.029053,43.061768],[-79.047998,43.087305],[-79.066064,43.106104],[-79.059229,43.278076],[-79.083057,43.331396],[-79.171875,43.466553],[-79.00249,43.527148],[-78.845557,43.58335],[-78.72041,43.624951],[-78.458252,43.631494],[-78.214795,43.630664],[-77.879248,43.629541],[-77.596533,43.628613],[-77.266699,43.62749],[-77.07334,43.626855],[-76.819971,43.628809],[-76.696484,43.784814],[-76.586133,43.924316],[-76.4646,44.057617],[-76.248535,44.214111],[-76.185791,44.242236],[-76.151172,44.303955],[-76.020215,44.362598],[-75.875928,44.416992],[-75.819336,44.468018],[-75.791943,44.49707],[-75.40127,44.772266],[-75.179395,44.899365],[-74.996143,44.970117],[-74.856641,45.003906],[-74.762451,44.999072],[-74.708887,45.003857]]],[[[-72.509766,40.986035],[-72.580859,40.921338],[-72.516602,40.914795],[-72.461328,40.933789],[-72.408984,40.972168],[-72.287451,41.024072],[-72.183887,41.046777],[-72.15127,41.051465],[-72.101904,41.015039],[-72.003955,41.044287],[-71.903223,41.060693],[-72.338965,40.894141],[-72.428076,40.875391],[-72.555566,40.825781],[-72.676074,40.790625],[-72.762842,40.777832],[-73.194287,40.654199],[-73.228516,40.651514],[-73.265527,40.663574],[-73.620898,40.599902],[-73.766748,40.592725],[-73.899561,40.570508],[-73.801318,40.621777],[-73.79917,40.640967],[-73.822656,40.655957],[-73.875195,40.651611],[-73.929004,40.598828],[-74.014893,40.581201],[-74.032031,40.638672],[-74.003369,40.683154],[-73.964551,40.725342],[-73.879248,40.79165],[-73.757227,40.833691],[-73.695215,40.87002],[-73.652246,40.838037],[-73.642822,40.88125],[-73.609766,40.906201],[-73.573828,40.919629],[-73.487402,40.919971],[-73.440869,40.926758],[-73.407227,40.941113],[-73.372705,40.943799],[-73.278174,40.924219],[-73.18584,40.929834],[-73.111279,40.956885],[-73.033789,40.965967],[-72.828809,40.97207],[-72.625098,40.991846],[-72.543652,41.027002],[-72.372559,41.125537],[-72.274121,41.153027],[-72.427393,41.038525],[-72.509766,40.986035]]],[[[-68.187256,44.332471],[-68.245459,44.312988],[-68.309277,44.321484],[-68.307959,44.268701],[-68.315088,44.249707],[-68.385791,44.276855],[-68.411719,44.294336],[-68.409473,44.364258],[-68.347021,44.430371],[-68.299414,44.456494],[-68.238037,44.438379],[-68.190918,44.364355],[-68.187256,44.332471]]],[[[-74.188135,40.522852],[-74.235889,40.518701],[-74.188184,40.6146],[-74.100488,40.658447],[-74.06875,40.649316],[-74.067383,40.61543],[-74.079687,40.586475],[-74.138525,40.541846],[-74.188135,40.522852]]],[[[-70.509912,41.376318],[-70.785303,41.327441],[-70.829199,41.358984],[-70.760498,41.373584],[-70.67373,41.448535],[-70.616016,41.457227],[-70.525342,41.414795],[-70.509912,41.376318]]],[[[-71.241406,41.491943],[-71.290918,41.4646],[-71.34624,41.469385],[-71.318164,41.506299],[-71.307471,41.560498],[-71.280176,41.62002],[-71.264453,41.638232],[-71.232031,41.654297],[-71.241406,41.491943]]],[[[-69.97793,41.265576],[-70.055078,41.249463],[-70.233057,41.286328],[-70.086621,41.317578],[-70.062695,41.328467],[-70.043604,41.374414],[-70.041211,41.397461],[-69.985596,41.298633],[-69.97793,41.265576]]],[[[-75.635693,35.855908],[-75.650781,35.835596],[-75.717187,35.946143],[-75.648877,35.9104],[-75.63667,35.880664],[-75.635693,35.855908]]],[[[-75.544141,35.240088],[-75.678271,35.212842],[-75.690088,35.221582],[-75.536377,35.278613],[-75.487891,35.479492],[-75.48125,35.572119],[-75.504297,35.7354],[-75.503516,35.769141],[-75.478516,35.716504],[-75.456445,35.56416],[-75.464746,35.448633],[-75.509326,35.280322],[-75.544141,35.240088]]],[[[-75.781934,35.190186],[-75.963672,35.118848],[-75.98418,35.123096],[-75.864941,35.174121],[-75.781934,35.190186]]],[[[-76.503662,34.642969],[-76.528564,34.631494],[-76.437012,34.756348],[-76.256201,34.914697],[-76.207373,34.938916],[-76.357715,34.803662],[-76.503662,34.642969]]],[[[-82.037207,26.453613],[-82.072852,26.427539],[-82.144971,26.44668],[-82.184375,26.480957],[-82.201367,26.548047],[-82.138574,26.477002],[-82.116064,26.460938],[-82.037207,26.453613]]],[[[-82.083789,26.552344],[-82.085205,26.493604],[-82.135596,26.591992],[-82.169141,26.700732],[-82.121143,26.665527],[-82.083789,26.552344]]],[[[-80.381836,25.142285],[-80.580566,24.954248],[-80.558545,25.001318],[-80.481055,25.101953],[-80.456006,25.149316],[-80.403662,25.179346],[-80.354932,25.233643],[-80.35127,25.296973],[-80.280469,25.34126],[-80.25708,25.347607],[-80.381836,25.142285]]],[[[-91.793701,29.500732],[-91.830859,29.486475],[-91.99624,29.573096],[-92.006641,29.610303],[-91.925049,29.643945],[-91.875244,29.640967],[-91.796484,29.596973],[-91.767676,29.584717],[-91.754297,29.566895],[-91.761914,29.539014],[-91.793701,29.500732]]],[[[-97.014355,27.901611],[-97.036035,27.89917],[-96.987646,27.981055],[-96.978662,28.013867],[-96.899316,28.11748],[-96.857422,28.13291],[-96.839746,28.088818],[-96.921338,28.016016],[-97.014355,27.901611]]],[[[-96.764404,28.152588],[-96.801123,28.148438],[-96.755615,28.202441],[-96.681641,28.229687],[-96.519336,28.333447],[-96.453125,28.340576],[-96.418652,28.376318],[-96.403564,28.381592],[-96.41333,28.337793],[-96.543896,28.275586],[-96.764404,28.152588]]],[[[-97.353613,27.300049],[-97.384814,27.242529],[-97.376221,27.328271],[-97.29502,27.523096],[-97.130029,27.77915],[-97.060547,27.822021],[-97.250879,27.541211],[-97.353613,27.300049]]],[[[-95.039697,29.145898],[-95.089648,29.136328],[-94.87168,29.290137],[-94.825977,29.341309],[-94.767627,29.339062],[-94.864941,29.252881],[-95.039697,29.145898]]],[[[-97.170703,26.159375],[-97.184521,26.112939],[-97.267334,26.329785],[-97.4021,26.820508],[-97.407178,27.100195],[-97.385986,27.196484],[-97.351221,26.801465],[-97.202246,26.299805],[-97.170703,26.159375]]],[[[-120.306592,34.024854],[-120.359717,34.022266],[-120.441553,34.03291],[-120.412939,34.056299],[-120.367725,34.073291],[-120.35332,34.060596],[-120.306592,34.024854]]],[[[-119.438037,33.217187],[-119.48252,33.215332],[-119.543652,33.224609],[-119.575195,33.27832],[-119.525146,33.282031],[-119.478809,33.274609],[-119.442041,33.232422],[-119.438037,33.217187]]],[[[-118.350391,32.827588],[-118.408594,32.818506],[-118.473193,32.838916],[-118.528906,32.935596],[-118.590186,33.011182],[-118.55708,33.032666],[-118.507471,32.959912],[-118.383203,32.849463],[-118.350391,32.827588]]],[[[-120.043555,33.918848],[-120.113916,33.904883],[-120.167139,33.918066],[-120.251904,34.013867],[-120.071826,34.026514],[-119.994385,33.984912],[-119.983936,33.97334],[-120.043555,33.918848]]],[[[-119.882373,34.079687],[-119.678857,34.028467],[-119.569141,34.052979],[-119.549268,34.028174],[-119.562207,34.006592],[-119.80957,33.967773],[-119.885498,33.994922],[-119.892432,34.032178],[-119.918066,34.067822],[-119.882373,34.079687]]],[[[-118.347949,33.385742],[-118.297461,33.312109],[-118.370215,33.32124],[-118.446289,33.31709],[-118.469336,33.357129],[-118.492041,33.412793],[-118.507324,33.427002],[-118.559424,33.431982],[-118.56333,33.437061],[-118.569434,33.46416],[-118.554834,33.4771],[-118.391699,33.415088],[-118.347949,33.385742]]],[[[-122.782129,48.672705],[-122.768848,48.650977],[-122.808984,48.629834],[-122.837598,48.626562],[-122.883105,48.660645],[-122.903027,48.664697],[-122.887012,48.612305],[-122.892529,48.594482],[-122.985645,48.626709],[-123.002832,48.652197],[-122.97666,48.67915],[-122.918018,48.706982],[-122.897705,48.710352],[-122.782129,48.672705]]],[[[-123.013135,48.500879],[-122.986768,48.468018],[-123.094434,48.489062],[-123.139941,48.507959],[-123.153418,48.526318],[-123.16958,48.586719],[-123.162158,48.606396],[-123.11416,48.613281],[-123.02417,48.538477],[-123.013135,48.500879]]],[[[-122.572754,48.156641],[-122.523828,48.025439],[-122.502832,48.080078],[-122.366748,47.985449],[-122.366602,47.938818],[-122.383154,47.923193],[-122.411426,47.917725],[-122.437598,47.931348],[-122.461621,47.964014],[-122.492285,47.981299],[-122.55752,47.99248],[-122.591357,48.029639],[-122.603174,48.055029],[-122.606299,48.128564],[-122.622656,48.151416],[-122.657275,48.156494],[-122.690381,48.173877],[-122.741504,48.225293],[-122.74873,48.239014],[-122.724512,48.280908],[-122.668994,48.351025],[-122.628613,48.384229],[-122.603516,48.380615],[-122.572461,48.35957],[-122.535547,48.321191],[-122.542432,48.293994],[-122.692139,48.241064],[-122.697021,48.228662],[-122.624414,48.21377],[-122.597607,48.200439],[-122.572754,48.156641]]],[[[-71.365332,41.485254],[-71.393066,41.466748],[-71.403418,41.515039],[-71.383984,41.570557],[-71.364307,41.571826],[-71.354492,41.542285],[-71.365332,41.485254]]],[[[-74.133203,39.680762],[-74.250488,39.529395],[-74.253174,39.558496],[-74.106738,39.746436],[-74.133203,39.680762]]],[[[-75.333057,37.888281],[-75.378516,37.87207],[-75.225977,38.072314],[-75.137402,38.240088],[-75.0979,38.298096],[-75.13623,38.180518],[-75.203223,38.072412],[-75.333057,37.888281]]],[[[-76.54624,34.654883],[-76.568506,34.652539],[-76.607812,34.663574],[-76.661963,34.684668],[-76.673926,34.700146],[-76.622266,34.694531],[-76.54624,34.654883]]],[[[-81.334814,24.650488],[-81.364795,24.629932],[-81.379053,24.636279],[-81.379053,24.66626],[-81.42168,24.732617],[-81.420068,24.75],[-81.322314,24.685059],[-81.319824,24.667627],[-81.334814,24.650488]]],[[[-80.829395,24.803662],[-80.84834,24.803662],[-80.838867,24.817871],[-80.799414,24.846289],[-80.785205,24.835254],[-80.786768,24.821045],[-80.829395,24.803662]]],[[[-80.638281,24.903174],[-80.665137,24.898438],[-80.625684,24.941113],[-80.6146,24.937939],[-80.638281,24.903174]]],[[[-81.044189,24.716797],[-81.08999,24.693115],[-81.137354,24.710498],[-81.085254,24.73418],[-80.930469,24.759473],[-80.988916,24.727881],[-81.044189,24.716797]]],[[[-81.418994,30.971436],[-81.463477,30.727783],[-81.482715,30.814062],[-81.484619,30.897852],[-81.450928,30.947412],[-81.418994,30.971436]]],[[[-81.566699,24.599902],[-81.631494,24.590039],[-81.579248,24.629395],[-81.562305,24.68916],[-81.531641,24.64248],[-81.532227,24.61416],[-81.566699,24.599902]]],[[[-80.186768,27.278418],[-80.170508,27.204785],[-80.262451,27.375586],[-80.376074,27.643408],[-80.436914,27.850537],[-80.395752,27.794531],[-80.355518,27.678613],[-80.186768,27.278418]]],[[[-81.783838,24.54458],[-81.809229,24.542334],[-81.811426,24.557812],[-81.767676,24.576709],[-81.738672,24.575439],[-81.739746,24.554492],[-81.783838,24.54458]]],[[[-88.889307,29.712598],[-88.943604,29.660254],[-88.941113,29.680225],[-88.901172,29.732617],[-88.872656,29.752979],[-88.889307,29.712598]]],[[[-88.558105,30.215918],[-88.570654,30.204785],[-88.659229,30.225586],[-88.713086,30.244922],[-88.722852,30.264258],[-88.573975,30.22915],[-88.558105,30.215918]]],[[[-88.071338,30.252344],[-88.159326,30.230908],[-88.289746,30.23291],[-88.31626,30.24043],[-88.263916,30.254736],[-88.109375,30.27373],[-88.071338,30.252344]]],[[[-89.223975,30.084082],[-89.220459,30.037598],[-89.269434,30.060742],[-89.341992,30.062842],[-89.310059,30.078711],[-89.287646,30.094189],[-89.276465,30.11084],[-89.184668,30.168652],[-89.210693,30.126221],[-89.223975,30.084082]]],[[[-88.827441,29.807715],[-88.855664,29.775879],[-88.827979,29.928369],[-88.866895,30.056738],[-88.825879,30.000391],[-88.812598,29.93335],[-88.827441,29.807715]]],[[[-84.90791,29.642627],[-85.008252,29.606641],[-85.116748,29.632812],[-85.049316,29.637793],[-85.000537,29.627197],[-84.877002,29.678662],[-84.812207,29.717627],[-84.737158,29.732422],[-84.90791,29.642627]]],[[[-122.853076,47.204736],[-122.862598,47.185059],[-122.876758,47.186133],[-122.907959,47.226123],[-122.911914,47.254346],[-122.885107,47.274707],[-122.84917,47.216309],[-122.853076,47.204736]]],[[[-122.394141,47.395264],[-122.39873,47.37251],[-122.437109,47.354785],[-122.456982,47.359326],[-122.458203,47.386133],[-122.468555,47.390234],[-122.509912,47.358008],[-122.506836,47.42168],[-122.486475,47.48877],[-122.468604,47.48999],[-122.44209,47.446143],[-122.394141,47.395264]]],[[[-122.497266,47.59458],[-122.502637,47.575439],[-122.557812,47.598291],[-122.575928,47.619482],[-122.57373,47.666846],[-122.560107,47.697754],[-122.549756,47.703955],[-122.517236,47.690576],[-122.507861,47.682666],[-122.497266,47.59458]]],[[[-122.820898,48.431348],[-122.836572,48.421533],[-122.890039,48.434668],[-122.921631,48.456934],[-122.932275,48.484766],[-122.912207,48.537988],[-122.885498,48.551611],[-122.868896,48.548633],[-122.861914,48.501855],[-122.8146,48.452344],[-122.820898,48.431348]]],[[[-68.623193,44.196045],[-68.661182,44.17627],[-68.701709,44.182666],[-68.703027,44.231982],[-68.690771,44.24873],[-68.676758,44.256201],[-68.655957,44.242334],[-68.623193,44.196045]]]]}},{"type":"Feature","properties":{"id":"bellara"},"geometry":{"type":"MultiPolygon","coordinates":[[[[38.214355,47.091455],[38.17832,47.080225],[37.828711,47.09585],[37.761147,47.090809],[37.543359,47.074561],[37.339844,46.916895],[37.218555,46.917334],[37.047559,46.876221],[36.932031,46.825146],[36.794824,46.714404],[36.688672,46.764111],[36.558789,46.762695],[36.432031,46.732568],[36.279492,46.658594],[36.194629,46.645508],[36.024902,46.666797],[35.827148,46.624316],[35.400195,46.381396],[35.256641,46.203906],[35.204395,46.169189],[35.132324,46.125879],[35.055273,46.104004],[35.014551,46.106006],[35.217773,46.232178],[35.280176,46.279492],[35.290918,46.314404],[35.291992,46.370703],[35.230371,46.440625],[35.064063,46.267236],[34.969531,46.24209],[34.849609,46.189893],[34.84375,46.073584],[34.857324,45.987354],[34.906641,45.878809],[35.001674,45.733383],[34.946428,45.728686],[34.799726,45.790752],[34.794084,45.892315],[34.686878,45.97695],[34.523249,45.97695],[34.449898,45.965666],[34.353978,46.061586],[34.224203,46.101083],[34.128283,46.089798],[34.02672,46.106725],[33.806667,46.208288],[33.659965,46.219573],[33.654323,46.146222],[33.594141,46.09624],[33.498828,46.078857],[33.429883,46.057617],[33.263477,46.125684],[33.202246,46.175732],[32.941797,46.123779],[32.796875,46.131494],[32.476758,46.083691],[32.329883,46.130371],[32.035742,46.260986],[31.925195,46.287256],[31.83125,46.281689],[31.77998,46.324658],[31.842871,46.346143],[31.915918,46.348682],[31.991699,46.364404],[32.013086,46.387158],[32.008496,46.42998],[31.855762,46.462451],[31.713672,46.471777],[31.623633,46.510254],[31.554883,46.554297],[31.716016,46.55498],[31.87793,46.52168],[32.131445,46.509375],[32.361328,46.474951],[32.418945,46.517773],[32.552539,46.591992],[32.578027,46.615625],[32.354102,46.564844],[32.127246,46.597217],[32.044336,46.64248],[31.974316,46.708789],[31.944922,46.784375],[31.964063,46.854834],[31.939551,46.981982],[31.864746,47.095117],[31.838184,47.157227],[31.75918,47.212842],[31.836914,47.087012],[31.865918,47.003271],[31.912695,46.926123],[31.90166,46.721631],[31.872852,46.649756],[31.77959,46.631641],[31.657031,46.642432],[31.532129,46.664746],[31.563379,46.777295],[31.496875,46.738379],[31.40293,46.628809],[31.320313,46.6125],[31.136816,46.624463],[30.796289,46.552002],[30.772852,46.473047],[30.72168,46.366211],[30.672266,46.304004],[30.656738,46.266504],[30.511523,46.105371],[30.492969,46.090137],[30.219043,45.866748],[30.18418,45.849951],[30.006641,45.797949],[29.90166,45.752393],[29.821191,45.73208],[29.685059,45.754688],[29.628418,45.722461],[29.60166,45.68252],[29.601172,45.6],[29.670313,45.540674],[29.726953,45.343311],[29.705859,45.259912],[29.651953,45.313916],[29.567676,45.370801],[29.403711,45.419678],[29.223535,45.40293],[29.027441,45.320557],[28.894336,45.289941],[28.824316,45.311084],[28.781738,45.309863],[28.766602,45.28623],[28.769824,45.266895],[28.791406,45.251904],[28.788281,45.240967],[28.760742,45.234131],[28.45127,45.292187],[28.317676,45.347119],[28.2125,45.450439],[28.264844,45.483887],[28.310352,45.498584],[28.471387,45.507178],[28.499023,45.517725],[28.501758,45.541553],[28.51377,45.572412],[28.509473,45.617822],[28.491602,45.665771],[28.562305,45.735791],[28.667578,45.793848],[28.729297,45.852002],[28.73877,45.937158],[28.849512,45.978662],[28.947754,46.049951],[28.971875,46.127637],[29.00625,46.176465],[28.94375,46.288428],[28.930566,46.362256],[28.927441,46.424121],[28.958398,46.458496],[29.049902,46.497021],[29.146289,46.526904],[29.18623,46.523975],[29.200781,46.50498],[29.20459,46.379346],[29.223828,46.376953],[29.25459,46.392627],[29.304883,46.466602],[29.339551,46.445068],[29.392871,46.436914],[29.432813,46.455957],[29.458789,46.45376],[29.491016,46.434668],[29.555078,46.407764],[29.614941,46.398828],[29.664551,46.416748],[29.706836,46.44873],[29.751953,46.437793],[29.837891,46.350537],[29.878027,46.360205],[30.075684,46.377832],[30.10752,46.401562],[30.131055,46.423096],[29.924316,46.538867],[29.934766,46.625],[29.94248,46.723779],[29.918066,46.782422],[29.877832,46.828906],[29.719727,46.88291],[29.597754,46.938818],[29.571973,46.964014],[29.568652,46.996729],[29.563477,47.04751],[29.515039,47.091113],[29.510938,47.128027],[29.541797,47.185547],[29.549316,47.246826],[29.53916,47.270996],[29.510645,47.290723],[29.455664,47.292627],[29.383398,47.328027],[29.333789,47.375732],[29.200586,47.444482],[29.159766,47.455664],[29.134863,47.489697],[29.122949,47.530371],[29.150879,47.580859],[29.186035,47.658594],[29.210742,47.731543],[29.211133,47.775],[29.194824,47.882422],[29.125391,47.964551],[29.092969,47.975439],[29.036914,47.952344],[28.97334,47.933008],[28.923145,47.951123],[28.86582,47.995654],[28.773828,48.11958],[28.60166,48.144385],[28.530469,48.150293],[28.463086,48.090527],[28.441992,48.108691],[28.423047,48.146875],[28.3875,48.162109],[28.340527,48.144434],[28.326953,48.161426],[28.347168,48.213037],[28.291016,48.238574],[28.158789,48.237988],[28.088477,48.257031],[28.080078,48.295801],[28.038477,48.321289],[27.963379,48.333545],[27.890625,48.365234],[27.82002,48.41626],[27.714453,48.449512],[27.57373,48.464893],[27.562207,48.47041],[27.549219,48.477734],[27.458398,48.443066],[27.403809,48.415625],[27.336914,48.432715],[27.228516,48.371436],[27.008496,48.368262],[26.900586,48.371924],[26.84707,48.387158],[26.64043,48.294141],[26.618945,48.259863],[26.572461,48.248486],[26.442383,48.22998],[26.305664,48.20376],[26.276953,48.113232],[26.23623,48.064355],[26.162695,47.992529],[25.908691,47.967578],[25.689258,47.932471],[25.464258,47.910791],[25.169629,47.823096],[25.073828,47.745703],[24.979102,47.724121],[24.893359,47.717773],[24.837891,47.76084],[24.650977,47.876514],[24.578906,47.931055],[24.484082,47.947119],[24.380957,47.938037],[24.281934,47.911182],[24.177734,47.906055],[24.059766,47.944775],[24.047363,47.941016],[24.001855,47.935791],[23.708984,47.982617],[23.682031,47.990381],[23.669043,47.992334],[23.628711,47.99585],[23.408203,47.98999],[23.202637,48.084521],[23.139453,48.087402],[23.09082,48.049121],[23.054785,48.006543],[22.912891,47.964258],[22.87666,47.947266],[22.856055,47.960303],[22.846484,47.99707],[22.857227,48.029541],[22.83623,48.060303],[22.782227,48.095215],[22.769141,48.109619],[22.701563,48.107031],[22.683105,48.103613],[22.676367,48.104395],[22.582422,48.134033],[22.520117,48.205371],[22.423828,48.243311],[22.350195,48.256055],[22.316699,48.286621],[22.295117,48.327295],[22.272168,48.358008],[22.269434,48.360889],[22.253711,48.407373],[22.231152,48.412158],[22.227148,48.413428],[22.131836,48.405322],[22.142871,48.568506],[22.295215,48.68584],[22.332617,48.745068],[22.389453,48.873486],[22.432031,48.933545],[22.483203,48.983252],[22.524121,49.031396],[22.538672,49.072705],[22.57998,49.077197],[22.70127,49.039941],[22.809766,49.020752],[22.839746,49.038916],[22.852051,49.062744],[22.84707,49.08125],[22.760156,49.13623],[22.705664,49.171191],[22.702344,49.192725],[22.721973,49.240967],[22.732422,49.295166],[22.719922,49.353809],[22.660645,49.483691],[22.649414,49.539014],[22.706152,49.606201],[22.890723,49.76626],[22.952246,49.826367],[23.036328,49.899072],[23.264453,50.072852],[23.408594,50.173926],[23.506152,50.229834],[23.649023,50.327051],[23.711719,50.377344],[23.972656,50.410059],[24.00498,50.457031],[24.052637,50.508447],[24.089941,50.530469],[24.094727,50.617041],[24.046289,50.722803],[24.007324,50.760156],[23.978418,50.785596],[23.99707,50.809375],[24.025977,50.816162],[24.061621,50.819531],[24.105762,50.844971],[24.095801,50.872754],[23.985742,50.94043],[23.938086,50.992529],[23.863477,51.126221],[23.712207,51.265137],[23.664453,51.310059],[23.657617,51.35249],[23.679688,51.394922],[23.658887,51.448975],[23.605273,51.51792],[23.61377,51.525391],[23.608594,51.610498],[23.64668,51.628857],[23.706836,51.641309],[23.791699,51.637109],[23.864258,51.623975],[23.951172,51.585059],[23.97832,51.591309],[24.126855,51.664648],[24.280078,51.774707],[24.32373,51.838428],[24.361914,51.867529],[24.495215,51.883057],[24.611328,51.889502],[24.685156,51.888281],[24.866406,51.899121],[24.973828,51.911133],[25.066699,51.930518],[25.267188,51.937744],[25.580273,51.924756],[25.785742,51.923828],[25.925293,51.913525],[26.26709,51.855029],[26.394336,51.844434],[26.453418,51.813428],[26.566895,51.801904],[26.773438,51.770703],[26.952832,51.754004],[27.074121,51.76084],[27.141992,51.752051],[27.270117,51.613574],[27.296289,51.597412],[27.347656,51.594141],[27.452344,51.606104],[27.601367,51.601611],[27.689746,51.572412],[27.676758,51.489941],[27.7,51.477979],[27.741309,51.482568],[27.788867,51.52915],[27.828809,51.577441],[27.858594,51.592383],[28.010742,51.559766],[28.080273,51.565039],[28.144434,51.60166],[28.183789,51.607861],[28.291602,51.581836],[28.424609,51.563623],[28.532031,51.562451],[28.599023,51.542627],[28.647754,51.456543],[28.690234,51.438867],[28.73125,51.433398],[28.793262,51.510352],[28.849512,51.540186],[28.927539,51.562158],[28.977734,51.571777],[29.013086,51.598926],[29.060742,51.625439],[29.102051,51.627539],[29.135645,51.617285],[29.174219,51.580615],[29.230469,51.497021],[29.298828,51.413037],[29.346484,51.382568],[29.469629,51.40835],[29.553125,51.43457],[29.706055,51.439551],[29.908789,51.458008],[30.06377,51.482031],[30.160742,51.477881],[30.219531,51.451221],[30.308984,51.399609],[30.333398,51.325537],[30.449512,51.274316],[30.544531,51.265039],[30.576953,51.318359],[30.63252,51.35542],[30.611719,51.406348],[30.602344,51.47124],[30.560742,51.531494],[30.533008,51.596338],[30.583887,51.688965],[30.639453,51.770068],[30.667285,51.814111],[30.755273,51.895166],[30.845703,51.953076],[30.980664,52.046191],[31.079297,52.076953],[31.168457,52.062939],[31.217969,52.050244],[31.345996,52.105371],[31.57373,52.108105],[31.763379,52.101074],[31.782422,52.099414],[31.875586,52.070898],[31.973828,52.046631],[32.041602,52.04502],[32.122266,52.050586],[32.216797,52.082959],[32.282813,52.114014],[32.362988,52.272119],[32.391309,52.294824],[32.435449,52.307227],[32.50791,52.308545],[32.64541,52.279102],[32.806445,52.252637],[32.899707,52.256348],[33.148438,52.34043],[33.287109,52.353564],[33.451855,52.333789],[33.613379,52.332617],[33.735254,52.344775],[33.818848,52.315625],[33.92207,52.251465],[34.015332,52.155957],[34.113086,51.979639],[34.397852,51.78042],[34.402734,51.741504],[34.379297,51.716504],[34.23916,51.692236],[34.121094,51.67915],[34.11543,51.644971],[34.146777,51.607959],[34.200879,51.553809],[34.209277,51.484082],[34.206543,51.419922],[34.229883,51.363232],[34.275,51.340186],[34.280664,51.31167],[34.228418,51.276855],[34.213867,51.255371],[34.23418,51.243799],[34.491016,51.237061],[34.616797,51.203125],[34.712305,51.172217],[34.760352,51.169336],[34.868555,51.189209],[34.990234,51.201758],[35.064063,51.203418],[35.092578,51.180664],[35.115332,51.12085],[35.158105,51.060986],[35.198047,51.043896],[35.269141,51.046777],[35.311914,51.043896],[35.334766,51.021143],[35.309082,50.986914],[35.314746,50.949902],[35.346094,50.904297],[35.383203,50.798926],[35.417383,50.767578],[35.440137,50.727686],[35.440137,50.68208],[35.411621,50.642236],[35.391699,50.610937],[35.411621,50.539697],[35.488477,50.459912],[35.545508,50.43999],[35.591113,50.36875],[35.67373,50.345996],[35.796191,50.405762],[35.890234,50.437109],[36.007812,50.419678],[36.116406,50.408545],[36.189453,50.367822],[36.243359,50.311768],[36.306055,50.280469],[36.368848,50.296826],[36.499805,50.280469],[36.559668,50.234863],[36.619434,50.209229],[36.696387,50.24624],[36.759082,50.291846],[36.988477,50.339551],[37.13125,50.351514],[37.171094,50.360889],[37.254883,50.394971],[37.343164,50.417627],[37.422852,50.411475],[37.501367,50.340723],[37.582324,50.291846],[37.605078,50.214941],[37.704199,50.109082],[37.950293,49.964209],[38.046875,49.92002],[38.1125,49.927832],[38.146777,49.939404],[38.162695,49.954541],[38.177539,50.025391],[38.208691,50.051465],[38.258594,50.052344],[38.451172,49.964062],[38.551953,49.95459],[38.647754,49.952881],[38.77666,49.884326],[38.918359,49.824707],[39.027734,49.818408],[39.114941,49.841748],[39.174805,49.855957],[39.211816,49.833203],[39.245996,49.781934],[39.30293,49.742041],[39.368457,49.730664],[39.462793,49.728027],[39.626563,49.650684],[39.780566,49.572021],[39.876855,49.567676],[39.958496,49.590771],[40.030664,49.596729],[40.080664,49.576855],[40.094922,49.542676],[40.057813,49.49707],[40.057813,49.431543],[40.126172,49.368848],[40.12832,49.307227],[40.108789,49.251562],[40.07002,49.200293],[39.976367,49.129834],[39.889746,49.064062],[39.759473,49.036572],[39.686523,49.00791],[39.705664,48.95957],[39.75332,48.914453],[39.86377,48.877979],[39.98916,48.851416],[40.003613,48.82207],[39.984473,48.807373],[39.904102,48.79375],[39.792871,48.807715],[39.755859,48.78208],[39.70459,48.739355],[39.67041,48.662451],[39.644727,48.591211],[39.76543,48.571875],[39.835645,48.542773],[39.85752,48.484229],[39.882617,48.419092],[39.889844,48.360449],[39.849902,48.331934],[39.847461,48.302783],[39.866309,48.288428],[39.918164,48.281934],[39.95791,48.268896],[39.961035,48.237939],[39.885059,48.168359],[39.813965,48.035303],[39.775781,47.964453],[39.778711,47.887549],[39.735938,47.844824],[39.658496,47.841211],[39.391016,47.83374],[39.158496,47.837402],[39.057813,47.848486],[38.900293,47.855127],[38.822266,47.837012],[38.718945,47.714111],[38.640625,47.665918],[38.510938,47.622412],[38.368848,47.609961],[38.287402,47.55918],[38.258789,47.479541],[38.256543,47.408936],[38.243262,47.373682],[38.212402,47.342773],[38.201367,47.320801],[38.208008,47.296533],[38.241016,47.287695],[38.280762,47.27666],[38.280762,47.259033],[38.265332,47.236963],[38.221191,47.212744],[38.201367,47.175244],[38.205859,47.135596],[38.214355,47.091455]]],[[[32.012207,46.203906],[32.150098,46.154687],[32.009375,46.167822],[31.700195,46.214062],[31.563867,46.257764],[31.528711,46.306592],[31.508789,46.373145],[31.584863,46.303174],[31.638477,46.272559],[32.012207,46.203906]]]]}},{"type":"Feature","properties":{"id":"petrovia"},"geometry":{"type":"MultiPolygon","coordinates":[[[[145.881543,43.459521],[145.895605,43.454541],[145.913867,43.455371],[145.931152,43.457031],[145.941113,43.445459],[145.943555,43.426465],[145.931152,43.425635],[145.907227,43.422314],[145.893945,43.419824],[145.886523,43.433057],[145.881543,43.443799],[145.869141,43.450439],[145.869141,43.457861],[145.881543,43.459521]]],[[[146.358789,43.625391],[146.332324,43.619922],[146.288184,43.625391],[146.273828,43.629834],[146.283691,43.638623],[146.310156,43.651855],[146.333301,43.647461],[146.349805,43.644141],[146.358789,43.625391]]],[[[146.045605,43.409326],[146.032324,43.407129],[146.028027,43.420361],[146.048926,43.433594],[146.088574,43.449023],[146.100781,43.440186],[146.086328,43.429199],[146.069922,43.421484],[146.045605,43.409326]]],[[[137.178613,55.100439],[137.055273,54.926758],[136.969434,54.923975],[136.902734,54.960645],[136.765137,54.946045],[136.714648,54.956152],[136.795313,55.009375],[136.995703,55.092725],[137.077539,55.091748],[137.156055,55.107813],[137.178613,55.100439]]],[[[150.589941,59.01875],[150.511133,59.007422],[150.471777,59.034766],[150.470215,59.054053],[150.59248,59.097217],[150.666211,59.160156],[150.712695,59.122461],[150.727734,59.095215],[150.589941,59.01875]]],[[[120.261328,73.089844],[120.00791,73.044873],[119.79209,73.04541],[119.64043,73.124316],[119.761914,73.155469],[119.964453,73.167676],[120.078516,73.156738],[120.236816,73.107275],[120.261328,73.089844]]],[[[124.542969,73.850098],[124.481738,73.8479],[124.366406,73.874609],[124.335742,73.910303],[124.336523,73.928369],[124.429688,73.943018],[124.547656,73.933838],[124.636914,73.900391],[124.65293,73.888037],[124.542969,73.850098]]],[[[106.27041,78.206201],[106.151074,78.198633],[106.023633,78.220117],[106.058398,78.264648],[106.350586,78.272607],[106.456836,78.340039],[106.64043,78.33623],[106.691211,78.31665],[106.719629,78.294189],[106.718945,78.26499],[106.679102,78.26499],[106.504687,78.26167],[106.472461,78.24502],[106.27041,78.206201]]],[[[107.414746,77.242676],[107.302246,77.241504],[107.269531,77.289014],[107.366406,77.346631],[107.486426,77.347119],[107.593652,77.330029],[107.629297,77.319678],[107.664551,77.299805],[107.679492,77.268262],[107.414746,77.242676]]],[[[97.588379,76.599365],[97.535254,76.584424],[97.430371,76.590723],[97.341699,76.628857],[97.310352,76.6896],[97.381641,76.706689],[97.588379,76.599365]]],[[[96.853906,76.19917],[96.797852,76.188428],[96.754492,76.195752],[96.739355,76.206934],[96.740234,76.257861],[96.83291,76.32417],[96.835254,76.344824],[96.87793,76.355225],[96.990234,76.343408],[97.045313,76.315381],[97.053027,76.302588],[96.974219,76.236523],[96.853906,76.19917]]],[[[100.135938,79.614209],[99.91543,79.601611],[99.942285,79.671436],[99.955762,79.690332],[100.068359,79.701025],[100.141504,79.683691],[100.300293,79.670264],[100.135938,79.614209]]],[[[76.756055,73.445801],[76.659375,73.439502],[76.234473,73.476221],[76.083105,73.523486],[76.139551,73.554297],[76.250684,73.555273],[76.756055,73.445801]]],[[[82.709961,74.090869],[82.612793,74.056445],[82.478125,74.075781],[82.381543,74.099219],[82.329395,74.131104],[82.382422,74.149268],[82.525586,74.161426],[82.611035,74.148535],[82.688965,74.11123],[82.709961,74.090869]]],[[[84.758984,74.459424],[84.710449,74.399805],[84.428906,74.430322],[84.389453,74.454443],[84.540332,74.49043],[84.679883,74.512354],[84.872852,74.515527],[84.758984,74.459424]]],[[[86.653125,74.981299],[86.737109,74.962988],[87.000586,74.991943],[87.052148,74.982568],[87.124316,74.939893],[87.011719,74.861914],[86.927148,74.830762],[86.691992,74.848291],[86.390527,74.850879],[86.258594,74.893506],[86.330664,74.938965],[86.504492,74.965967],[86.605469,74.992822],[86.653125,74.981299]]],[[[59.313086,81.305225],[59.096973,81.292285],[58.719043,81.313525],[58.610156,81.337256],[58.634473,81.360352],[58.880566,81.391846],[59.075,81.397705],[59.280859,81.366113],[59.374609,81.325049],[59.313086,81.305225]]],[[[-179.798535,68.94043],[-179.59541,68.906494],[-179.514502,68.917139],[-179.47085,68.912402],[-179.355957,68.852979],[-179.279297,68.825195],[-178.873877,68.754102],[-178.689307,68.675146],[-178.538525,68.585645],[-178.613672,68.603076],[-178.751465,68.660449],[-178.736523,68.593018],[-178.692627,68.545996],[-178.473926,68.501758],[-178.244482,68.46665],[-178.097461,68.424805],[-178.048682,68.388428],[-178.018701,68.322754],[-178.055811,68.264893],[-177.922412,68.286523],[-177.796777,68.337988],[-177.861816,68.378223],[-178.284521,68.518555],[-178.373047,68.565674],[-178.249854,68.541406],[-177.683203,68.362793],[-177.527246,68.294385],[-177.593213,68.281152],[-177.639355,68.241211],[-177.589209,68.224219],[-177.520898,68.236865],[-177.40752,68.245166],[-177.297412,68.22251],[-177.171826,68.174658],[-176.907275,68.119141],[-175.345215,67.678076],[-175.309863,67.602051],[-175.265918,67.566504],[-175.239551,67.521094],[-175.23252,67.44668],[-175.374707,67.357373],[-175.155078,67.365381],[-175.122803,67.376953],[-175.065625,67.413428],[-175.002686,67.4375],[-174.918066,67.407568],[-174.849854,67.348877],[-174.869922,67.268506],[-174.93042,67.203467],[-174.938135,67.093018],[-174.885059,67.000244],[-174.828711,66.961377],[-174.783643,66.916797],[-174.771191,66.784326],[-174.870117,66.724902],[-174.924902,66.623145],[-174.864258,66.613135],[-174.674658,66.603418],[-174.612451,66.5854],[-174.50376,66.537939],[-174.477734,66.492188],[-174.45376,66.429883],[-174.418701,66.371973],[-174.394092,66.344238],[-174.366064,66.34834],[-174.256982,66.428467],[-174.206006,66.452344],[-174.084766,66.473096],[-174.017725,66.38252],[-174.065039,66.22959],[-174.025439,66.229687],[-173.994482,66.245801],[-173.955469,66.286768],[-173.899951,66.310498],[-173.832031,66.366064],[-173.773975,66.434668],[-173.842529,66.488281],[-173.920947,66.521777],[-174.101855,66.540625],[-174.196338,66.580713],[-174.231592,66.631885],[-174.1396,66.652637],[-174.060596,66.689795],[-174.005518,66.778613],[-174.018848,66.827393],[-174.041016,66.875488],[-174.086426,66.942871],[-174.154346,66.982031],[-174.283545,67.001563],[-174.341846,67.039746],[-174.430908,67.037646],[-174.518945,67.049072],[-174.554492,67.063037],[-174.550098,67.090625],[-174.447607,67.103125],[-173.884033,67.106445],[-173.679688,67.144775],[-173.586572,67.132764],[-173.493994,67.105176],[-173.157813,67.069092],[-173.167627,67.052246],[-173.22417,67.035107],[-173.323535,66.954834],[-173.343066,66.909229],[-173.347363,66.851367],[-173.258936,66.840088],[-173.175391,66.8646],[-173.216162,66.91123],[-173.228271,66.968555],[-173.193018,66.993604],[-173.146826,66.998975],[-173.058496,66.955859],[-172.962598,66.942139],[-172.640576,66.925],[-172.549365,66.930518],[-172.520117,66.95249],[-172.582959,66.977832],[-173.001904,67.033984],[-173.00752,67.064893],[-172.621045,67.026807],[-172.447314,66.991748],[-172.273926,66.965576],[-172.031494,66.973291],[-171.795557,66.931738],[-171.56958,66.818701],[-171.360498,66.676758],[-171.149268,66.592725],[-170.92666,66.529736],[-170.555664,66.357227],[-170.509521,66.343652],[-170.473096,66.320264],[-170.542822,66.291064],[-170.604443,66.248926],[-170.483301,66.278076],[-170.361133,66.2979],[-170.301221,66.294043],[-170.246973,66.271875],[-170.211621,66.236426],[-170.191943,66.20127],[-170.243945,66.169287],[-169.888818,66.163477],[-169.777881,66.143115],[-169.72915,66.058105],[-169.831689,65.998926],[-169.891699,66.006104],[-169.949316,66.031006],[-170.003809,66.033496],[-170.159424,66.008057],[-170.401025,65.928516],[-170.540674,65.86543],[-170.563037,65.823584],[-170.541406,65.710254],[-170.560986,65.65625],[-170.666309,65.621533],[-170.896875,65.642627],[-171.001465,65.664893],[-171.118994,65.69502],[-171.232031,65.736865],[-171.376855,65.803955],[-171.421533,65.810352],[-171.451172,65.794238],[-171.401709,65.751758],[-171.303223,65.698486],[-171.134424,65.628076],[-171.054248,65.549951],[-171.105859,65.511035],[-171.169971,65.5021],[-171.216016,65.502783],[-171.36377,65.527197],[-171.46626,65.533105],[-171.790381,65.510449],[-171.907129,65.495947],[-171.947168,65.507959],[-171.957178,65.54209],[-172.131494,65.566943],[-172.233887,65.570459],[-172.282275,65.582324],[-172.322266,65.617529],[-172.435693,65.669629],[-172.607715,65.690039],[-172.719189,65.692432],[-172.783301,65.681055],[-172.556543,65.612012],[-172.353955,65.495996],[-172.391992,65.474561],[-172.417773,65.449561],[-172.305713,65.447803],[-172.232812,65.455713],[-172.211572,65.425195],[-172.269873,65.302734],[-172.309277,65.275635],[-172.661914,65.248535],[-172.573145,65.228223],[-172.48208,65.221875],[-172.378711,65.226709],[-172.286035,65.205713],[-172.223682,65.128711],[-172.213184,65.048145],[-172.304346,65.002148],[-172.39873,64.964746],[-172.592822,64.907959],[-172.79248,64.88291],[-172.897363,64.889209],[-172.999121,64.876611],[-173.066211,64.847168],[-173.085791,64.817334],[-172.998047,64.837109],[-172.896875,64.826074],[-172.801074,64.790527],[-172.811572,64.761182],[-172.902588,64.729199],[-172.924023,64.704932],[-172.889062,64.664014],[-172.900879,64.628857],[-172.85415,64.609912],[-172.746875,64.603271],[-172.616113,64.577881],[-172.487402,64.544189],[-172.436621,64.515332],[-172.393848,64.474658],[-172.37876,64.431543],[-172.401465,64.413916],[-172.694678,64.40708],[-172.73916,64.412256],[-172.755957,64.459961],[-172.791504,64.498926],[-172.903174,64.526074],[-172.949023,64.507373],[-172.915869,64.369434],[-172.960059,64.327686],[-173.009131,64.297461],[-173.157422,64.279736],[-173.275488,64.289648],[-173.375684,64.354883],[-173.375537,64.4104],[-173.309229,64.442676],[-173.309326,64.487451],[-173.32749,64.539551],[-173.395654,64.479004],[-173.474951,64.428613],[-173.603613,64.365479],[-173.665967,64.357324],[-173.729736,64.364502],[-173.897852,64.409717],[-174.001367,64.448975],[-174.204834,64.577783],[-174.318018,64.637646],[-174.570557,64.717773],[-174.830469,64.775977],[-175.036035,64.813672],[-175.14585,64.809277],[-175.255908,64.793994],[-175.395117,64.802393],[-175.442139,64.816699],[-175.483203,64.848584],[-175.520654,64.86709],[-175.715869,64.946094],[-175.853857,65.01084],[-175.859473,65.054199],[-175.830225,65.105518],[-175.856152,65.232812],[-175.922949,65.35249],[-176.093262,65.471045],[-176.547461,65.547559],[-176.922119,65.601367],[-177.05625,65.613623],[-177.175244,65.60166],[-177.48877,65.503711],[-177.698633,65.489697],[-178.310205,65.484863],[-178.4125,65.495557],[-178.504639,65.537207],[-178.525928,65.593018],[-178.499316,65.696631],[-178.502344,65.74043],[-178.526221,65.755225],[-178.558545,65.754004],[-178.67915,65.795361],[-178.791064,65.864746],[-178.879346,65.936475],[-178.939063,66.032764],[-178.858252,66.037549],[-178.746729,66.013672],[-178.730566,66.037256],[-178.693799,66.124219],[-178.61626,66.166016],[-178.586523,66.198437],[-178.534131,66.316553],[-178.526563,66.401562],[-178.615771,66.355176],[-178.752783,66.237256],[-178.82085,66.202686],[-178.868115,66.187061],[-178.915527,66.179932],[-179.026123,66.203516],[-179.105078,66.231934],[-179.106885,66.346094],[-179.143408,66.375049],[-179.178369,66.35332],[-179.192676,66.312549],[-179.293164,66.305078],[-179.340137,66.2875],[-179.316211,66.219824],[-179.327197,66.162598],[-179.422656,66.141064],[-179.616162,66.127881],[-179.683301,66.184131],[-179.740869,66.105762],[-179.783643,66.017969],[-179.789697,65.900879],[-179.72832,65.803809],[-179.640625,65.757568],[-179.449072,65.687842],[-179.365967,65.638623],[-179.344385,65.575244],[-179.3521,65.516748],[-179.45166,65.445312],[-179.519336,65.386279],[-179.635156,65.244141],[-179.70459,65.187207],[-180,65.067236],[-180,65.311963],[-180,65.556787],[-180,65.801563],[-180,66.046289],[-180,66.291064],[-180,66.53584],[-180,66.780566],[-180,67.025342],[-180,67.270117],[-180,67.514844],[-180,67.759619],[-180,68.004395],[-180,68.249121],[-180,68.493896],[-180,68.738672],[-179.999951,68.983447],[-179.798535,68.94043]]],[[[130.687305,42.302539],[130.658008,42.327783],[130.651563,42.37251],[130.617969,42.415625],[130.554102,42.474707],[130.526953,42.5354],[130.584473,42.567334],[130.576563,42.623242],[130.520605,42.674316],[130.439258,42.685547],[130.419922,42.699854],[130.424805,42.727051],[130.452734,42.75542],[130.492969,42.779102],[130.577246,42.811621],[130.722461,42.83584],[130.80332,42.856836],[130.868555,42.86333],[130.942871,42.851758],[131.005566,42.883105],[131.068555,42.902246],[131.083496,42.956299],[131.086133,43.038086],[131.108984,43.062451],[131.135547,43.097607],[131.175586,43.142187],[131.211914,43.257764],[131.239355,43.337646],[131.257324,43.378076],[131.261816,43.433057],[131.243945,43.469043],[131.20918,43.49043],[131.182422,43.505566],[131.180078,43.56709],[131.183594,43.650879],[131.174219,43.704736],[131.213281,44.00293],[131.255273,44.071582],[131.125781,44.469189],[131.086914,44.595654],[131.060645,44.659668],[131.003906,44.753223],[130.967773,44.799951],[130.981641,44.844336],[131.033008,44.888867],[131.082324,44.91001],[131.22793,44.920166],[131.268262,44.936133],[131.446875,44.984033],[131.4875,45.013135],[131.578711,45.083643],[131.613965,45.136572],[131.654004,45.205371],[131.74209,45.242627],[131.794922,45.305273],[131.851855,45.326855],[131.909277,45.27373],[131.977539,45.243994],[132.067383,45.225977],[132.181348,45.203271],[132.362988,45.159961],[132.549023,45.122803],[132.665625,45.093701],[132.723145,45.080566],[132.838672,45.061133],[132.88877,45.046045],[132.936035,45.029932],[133.011719,45.074561],[133.113477,45.130713],[133.096875,45.220459],[133.113379,45.321436],[133.186035,45.494824],[133.266992,45.545264],[133.30957,45.553076],[133.355469,45.572217],[133.436426,45.604687],[133.465625,45.651221],[133.449121,45.705078],[133.475781,45.757666],[133.484668,45.810449],[133.513086,45.878809],[133.551172,45.897803],[133.608008,45.920312],[133.647852,45.955225],[133.685742,46.008936],[133.711133,46.069629],[133.700684,46.139746],[133.750195,46.185937],[133.832813,46.224268],[133.861328,46.247754],[133.874805,46.309082],[133.880273,46.336035],[133.902734,46.366943],[133.886719,46.430566],[133.866602,46.499121],[133.95752,46.614258],[134.022656,46.713184],[134.038574,46.858154],[134.045996,46.881982],[134.071387,46.950781],[134.086426,46.978125],[134.136914,47.068994],[134.202148,47.128076],[134.189258,47.194238],[134.162988,47.25874],[134.167676,47.302197],[134.225195,47.352637],[134.260059,47.377734],[134.29082,47.413574],[134.339453,47.429492],[134.38252,47.438232],[134.483496,47.447363],[134.541895,47.485156],[134.596191,47.523877],[134.695801,47.624854],[134.728125,47.684473],[134.752344,47.71543],[134.698633,47.801416],[134.650293,47.874268],[134.591309,47.975195],[134.566016,48.02251],[134.605371,48.08291],[134.647266,48.120166],[134.669336,48.15332],[134.680859,48.210449],[134.665234,48.253906],[134.563574,48.321729],[134.456152,48.355322],[134.334961,48.368848],[134.293359,48.373437],[134.205859,48.359912],[133.842188,48.27373],[133.671777,48.207715],[133.573242,48.133008],[133.468359,48.097168],[133.301172,48.101514],[133.144043,48.105664],[133.020117,48.064404],[132.877148,47.979102],[132.772852,47.940088],[132.707227,47.947266],[132.636914,47.890088],[132.561914,47.768506],[132.47627,47.71499],[132.380176,47.729492],[132.149805,47.717969],[131.785254,47.680518],[131.556738,47.682031],[131.464258,47.722607],[131.319336,47.727832],[131.121875,47.697656],[131.002734,47.691455],[130.961914,47.709326],[130.932813,47.759814],[130.91543,47.84292],[130.848633,47.929443],[130.732617,48.019238],[130.712109,48.127637],[130.787207,48.25459],[130.804297,48.341504],[130.763477,48.388428],[130.746875,48.430371],[130.65918,48.483398],[130.597266,48.574658],[130.552148,48.60249],[130.565625,48.680127],[130.617188,48.773193],[130.553125,48.861182],[130.355273,48.866357],[130.195996,48.89165],[130.037109,48.972266],[129.792578,49.198877],[129.671094,49.278516],[129.591406,49.28667],[129.533691,49.323437],[129.498145,49.388818],[129.440723,49.389453],[129.384668,49.389453],[129.350098,49.362354],[129.309863,49.353857],[129.248438,49.378662],[129.185156,49.381396],[129.120117,49.362061],[129.065137,49.374658],[129.020313,49.419238],[128.938281,49.448926],[128.819336,49.46377],[128.770313,49.494727],[128.791016,49.541846],[128.769043,49.576953],[128.704004,49.600146],[128.526758,49.594238],[128.237109,49.559277],[127.999609,49.568604],[127.814258,49.622119],[127.711133,49.671533],[127.690137,49.716748],[127.636719,49.760205],[127.550781,49.801807],[127.502441,49.873437],[127.491797,49.975049],[127.512305,50.07168],[127.590234,50.208984],[127.395313,50.298584],[127.337207,50.350146],[127.351172,50.393604],[127.34082,50.428076],[127.306055,50.453516],[127.308203,50.494189],[127.347168,50.550098],[127.346875,50.621338],[127.307031,50.707959],[127.198242,50.829443],[127.02041,50.985889],[126.924805,51.100146],[126.911523,51.172314],[126.887695,51.230127],[126.854395,51.261377],[126.833789,51.314893],[126.847754,51.37417],[126.827344,51.412256],[126.801758,51.448047],[126.805469,51.505664],[126.774512,51.545068],[126.70918,51.566309],[126.688672,51.609912],[126.700781,51.703027],[126.653711,51.781299],[126.510547,51.92583],[126.468066,52.031299],[126.455566,52.126465],[126.394824,52.172998],[126.391504,52.214502],[126.383496,52.286523],[126.346289,52.30625],[126.324219,52.331641],[126.341699,52.362012],[126.312891,52.399756],[126.237598,52.444824],[126.20293,52.483838],[126.194434,52.519141],[126.156641,52.546631],[126.045898,52.57334],[126.016016,52.610205],[126.023242,52.643018],[126.04707,52.673486],[126.060156,52.691992],[126.056055,52.715869],[126.048145,52.739453],[126.004297,52.767871],[125.941602,52.800684],[125.871875,52.871533],[125.782813,52.890723],[125.728125,52.890723],[125.680762,52.930811],[125.695312,52.956299],[125.691699,53.003711],[125.649023,53.042285],[125.595996,53.057471],[125.545996,53.047607],[125.422461,53.08374],[125.225586,53.16582],[125.075,53.203662],[124.970898,53.197314],[124.906641,53.172656],[124.882129,53.129736],[124.812305,53.133838],[124.639844,53.210645],[124.465918,53.229639],[124.369141,53.270947],[124.291406,53.340869],[124.219922,53.370117],[124.154297,53.358691],[123.994727,53.405615],[123.740918,53.510986],[123.607813,53.546533],[123.559766,53.52666],[123.534766,53.526465],[123.489453,53.529443],[123.424023,53.530762],[123.30957,53.555615],[123.154102,53.54458],[122.957617,53.497705],[122.744727,53.468506],[122.51582,53.456982],[122.380176,53.4625],[122.337793,53.48501],[122.088867,53.451465],[121.743945,53.383594],[121.405469,53.317041],[120.985449,53.28457],[120.704102,53.171826],[120.421289,52.968066],[120.218164,52.839893],[120.094531,52.787207],[120.044336,52.718213],[120.067578,52.63291],[120.172754,52.60249],[120.360059,52.627002],[120.521094,52.615039],[120.656152,52.56665],[120.699219,52.493604],[120.650391,52.395898],[120.66543,52.299902],[120.744531,52.205469],[120.749805,52.096533],[120.681445,51.973047],[120.510547,51.848535],[120.237012,51.722998],[120.066895,51.600684],[119.966992,51.422119],[119.813184,51.267041],[119.756641,51.179492],[119.745996,51.107715],[119.684961,51.030127],[119.573438,50.946777],[119.512305,50.863135],[119.501758,50.779248],[119.445703,50.702832],[119.344043,50.633887],[119.280664,50.560986],[119.255859,50.48418],[119.216699,50.43252],[119.163672,50.406006],[119.191895,50.379834],[119.301562,50.353906],[119.346289,50.278955],[119.326074,50.154932],[119.259863,50.066406],[119.147461,50.013379],[118.979492,49.978857],[118.755957,49.962842],[118.451563,49.844482],[118.186621,49.692773],[117.873438,49.513477],[117.812598,49.513525],[117.698438,49.53584],[117.477148,49.609424],[117.245605,49.624854],[117.02168,49.692969],[116.888965,49.737793],[116.683301,49.823779],[116.631543,49.877051],[116.551172,49.920312],[116.351172,49.978076],[116.216797,50.009277],[116.13457,50.010791],[115.925977,49.952148],[115.795215,49.905908],[115.717773,49.880615],[115.587988,49.886035],[115.429199,49.896484],[115.365039,49.911768],[115.274512,49.948877],[115.098047,50.059424],[115.00332,50.138574],[114.87959,50.183057],[114.743164,50.233691],[114.674902,50.245703],[114.554004,50.241455],[114.386328,50.255469],[114.29707,50.274414],[114.221777,50.257275],[114.070703,50.204736],[113.881152,50.101123],[113.732422,50.061523],[113.574219,50.007031],[113.445508,49.941602],[113.319043,49.874316],[113.16416,49.797168],[113.09209,49.692529],[113.055566,49.61626],[112.914844,49.569238],[112.806445,49.523584],[112.697363,49.507275],[112.494922,49.532324],[112.375195,49.5146],[112.079688,49.424219],[111.934473,49.416016],[111.833398,49.403613],[111.735547,49.397754],[111.574805,49.376416],[111.511914,49.360937],[111.429297,49.342627],[111.336621,49.355859],[111.204199,49.304297],[110.82793,49.166162],[110.709766,49.142969],[110.631055,49.137598],[110.52959,49.187061],[110.427832,49.219971],[110.321387,49.215869],[110.199902,49.17041],[109.994531,49.205615],[109.750391,49.239307],[109.528711,49.269873],[109.453711,49.296338],[109.236719,49.334912],[108.919922,49.335352],[108.733008,49.335645],[108.613672,49.322803],[108.522461,49.341504],[108.406934,49.396387],[108.213086,49.524805],[108.098047,49.562646],[108.033789,49.593994],[108.00957,49.646875],[107.96543,49.653516],[107.936719,49.691016],[107.93877,49.740723],[107.934863,49.849023],[107.947852,49.924707],[107.916602,49.947803],[107.786816,49.96001],[107.630957,49.983105],[107.34707,49.98667],[107.233301,49.989404],[107.143066,50.033008],[107.040234,50.086475],[106.941309,50.19668],[106.853711,50.248291],[106.711133,50.312598],[106.574414,50.328809],[106.368457,50.317578],[106.217871,50.30459],[106.08252,50.332568],[105.996484,50.36792],[105.875195,50.405371],[105.692578,50.41416],[105.541602,50.44126],[105.383594,50.47373],[105.266699,50.460498],[105.185938,50.42959],[105.094727,50.389941],[104.976953,50.38291],[104.685352,50.341846],[104.596387,50.317187],[104.466309,50.306152],[104.353906,50.275293],[104.259961,50.214453],[104.179688,50.169434],[104.078711,50.154248],[103.958496,50.157275],[103.856152,50.171826],[103.802637,50.176074],[103.723242,50.153857],[103.63291,50.138574],[103.496289,50.164941],[103.421191,50.187061],[103.304395,50.200293],[103.233789,50.264258],[103.161719,50.290723],[103.039453,50.300635],[102.859668,50.333252],[102.76543,50.366553],[102.683301,50.387158],[102.546289,50.461328],[102.469434,50.525684],[102.406836,50.536182],[102.336426,50.544238],[102.288379,50.585107],[102.285742,50.634668],[102.30332,50.665527],[102.316602,50.718457],[102.276563,50.768701],[102.235059,50.791211],[102.215039,50.829443],[102.226172,50.901465],[102.210254,50.974316],[102.194531,51.050684],[102.151953,51.10752],[102.142383,51.216064],[102.160059,51.26084],[102.155664,51.31377],[102.111523,51.353467],[101.979199,51.382227],[101.821191,51.421045],[101.570898,51.467187],[101.464355,51.471484],[101.38125,51.452637],[101.304492,51.474756],[101.223242,51.513281],[101.085352,51.553027],[100.903613,51.604248],[100.710742,51.661572],[100.53623,51.713477],[100.468945,51.726074],[100.230371,51.729834],[100.03457,51.737109],[99.92168,51.755518],[99.787891,51.827539],[99.719238,51.871631],[99.612891,51.892529],[99.532324,51.899902],[99.407031,51.923535],[99.176172,51.998877],[99.091406,52.034863],[99.034277,52.0354],[98.958105,52.101709],[98.893164,52.117285],[98.848633,52.070068],[98.802539,51.957471],[98.760156,51.905078],[98.640527,51.801172],[98.352734,51.717627],[98.303125,51.674268],[98.276855,51.63457],[98.2375,51.578418],[98.219922,51.505615],[98.184668,51.485742],[98.103125,51.483545],[98.037598,51.449951],[97.98916,51.377051],[97.946875,51.348437],[97.923242,51.280469],[97.927344,51.250732],[97.917871,51.217871],[97.91084,51.165186],[97.835742,51.05166],[97.825293,50.985254],[97.856152,50.943359],[97.919824,50.887158],[97.953125,50.855176],[97.96416,50.817676],[97.961914,50.769141],[98.001172,50.702051],[98.029785,50.644629],[98.078906,50.603809],[98.14502,50.568555],[98.220508,50.557178],[98.279492,50.533252],[98.292676,50.486963],[98.277344,50.422998],[98.250293,50.302441],[98.2,50.227686],[98.170117,50.180566],[98.121973,50.106592],[98.103418,50.077832],[98.003906,50.014258],[97.936621,49.996777],[97.853906,49.946777],[97.785547,49.944531],[97.720703,49.944629],[97.650977,49.933594],[97.589355,49.911475],[97.54082,49.843115],[97.418359,49.773047],[97.359766,49.741455],[97.208594,49.730811],[97.136914,49.761719],[97.097656,49.805029],[97.049121,49.829883],[96.985742,49.882812],[96.711719,49.911572],[96.640234,49.897852],[96.598437,49.878418],[96.543262,49.892529],[96.505762,49.918701],[96.466406,49.911523],[96.381152,49.896045],[96.315039,49.901123],[96.229688,49.954102],[96.111719,49.982471],[96.065527,49.99873],[96.018555,49.998779],[95.989551,49.973584],[95.935742,49.96001],[95.899414,49.990576],[95.851953,50.012939],[95.789355,50.0125],[95.707812,49.966016],[95.567187,49.943848],[95.522656,49.91123],[95.441797,49.915527],[95.385645,49.941211],[95.329492,49.944141],[95.166211,49.943848],[95.111426,49.935449],[95.044336,49.961572],[95.012891,50.008252],[94.930273,50.04375],[94.81123,50.048193],[94.718066,50.043262],[94.675488,50.028076],[94.614746,50.02373],[94.564648,50.087939],[94.496875,50.132812],[94.458496,50.165723],[94.400195,50.179639],[94.354688,50.221826],[94.346875,50.303418],[94.319336,50.404883],[94.287012,50.511377],[94.251074,50.556396],[94.075781,50.572852],[93.989844,50.568848],[93.79541,50.577637],[93.662012,50.583691],[93.625586,50.585547],[93.501074,50.597461],[93.386816,50.608496],[93.270508,50.615576],[93.222559,50.606543],[93.103125,50.603906],[93.009863,50.654541],[92.970703,50.7125],[92.963574,50.744922],[92.941309,50.778223],[92.856445,50.789111],[92.779297,50.778662],[92.738672,50.710938],[92.681348,50.683203],[92.62666,50.688281],[92.578906,50.725439],[92.486426,50.765088],[92.426367,50.803076],[92.354785,50.86416],[92.295801,50.849805],[92.279004,50.812207],[92.265332,50.775195],[92.192383,50.700586],[92.104004,50.691992],[91.956543,50.697607],[91.804297,50.693604],[91.706348,50.665527],[91.63418,50.615137],[91.596875,50.575537],[91.52168,50.562012],[91.446484,50.522168],[91.415039,50.468018],[91.34082,50.470068],[91.300586,50.463379],[91.233789,50.452393],[91.062793,50.422607],[91.021582,50.415479],[90.917188,50.36416],[90.838086,50.32373],[90.760742,50.305957],[90.714355,50.259424],[90.655078,50.222363],[90.516895,50.21333],[90.364844,50.166895],[90.311328,50.151172],[90.224512,50.116699],[90.103711,50.10332],[90.053711,50.09375],[90.00498,50.069287],[89.977344,49.984326],[89.878027,49.953516],[89.744238,49.948096],[89.643848,49.903027],[89.634277,49.823291],[89.669531,49.750488],[89.654102,49.71748],[89.579199,49.699707],[89.475,49.660547],[89.395605,49.611523],[89.299219,49.611133],[89.243945,49.627051],[89.20293,49.595703],[89.17998,49.532227],[89.109473,49.501367],[89.008398,49.472803],[88.970605,49.48374],[88.94541,49.507666],[88.900195,49.539697],[88.863867,49.527637],[88.860352,49.481543],[88.831641,49.448437],[88.747852,49.44624],[88.682715,49.464551],[88.633203,49.486133],[88.544336,49.482568],[88.452441,49.472705],[88.393359,49.482861],[88.337793,49.472559],[88.192578,49.451709],[88.135547,49.381494],[88.134277,49.298437],[88.115723,49.256299],[88.028516,49.219775],[87.988086,49.186914],[87.934766,49.164551],[87.818262,49.162109],[87.814258,49.162305],[87.7625,49.16582],[87.668359,49.147217],[87.576563,49.132373],[87.51582,49.122412],[87.476172,49.091455],[87.416699,49.076611],[87.322852,49.085791],[87.296875,49.147656],[87.233691,49.216162],[87.148047,49.239795],[87.070605,49.25459],[87.000977,49.287305],[86.95293,49.32207],[86.812109,49.487891],[86.714355,49.558594],[86.626465,49.562695],[86.614258,49.609717],[86.665332,49.656689],[86.730664,49.695557],[86.728711,49.748682],[86.675488,49.777295],[86.610156,49.769141],[86.522266,49.707764],[86.417969,49.638477],[86.292383,49.5875],[86.242188,49.546338],[86.180859,49.499316],[86.092969,49.505469],[86.02959,49.503418],[85.974414,49.499316],[85.933594,49.550439],[85.880469,49.556543],[85.498438,49.605371],[85.371582,49.623926],[85.291895,49.599463],[85.232617,49.61582],[85.210156,49.664844],[85.136523,49.750732],[85.076465,49.821631],[85.000781,49.894141],[84.975195,49.951074],[84.999707,50.010303],[84.989453,50.061426],[84.924023,50.087988],[84.838965,50.091309],[84.607324,50.202393],[84.499023,50.21875],[84.400977,50.23916],[84.323242,50.23916],[84.257812,50.288232],[84.194531,50.437451],[84.175977,50.520557],[84.099316,50.604736],[84.002344,50.676855],[83.945117,50.774658],[83.859766,50.818018],[83.717773,50.887158],[83.581445,50.935742],[83.357324,50.99458],[83.27373,50.99458],[83.160254,50.989209],[83.092773,50.960596],[83.019238,50.897266],[82.919043,50.893115],[82.76084,50.893359],[82.718555,50.869482],[82.692969,50.826318],[82.611719,50.771484],[82.493945,50.727588],[82.326367,50.741895],[82.211914,50.719434],[82.098047,50.71084],[81.933691,50.766357],[81.752051,50.764404],[81.633887,50.739111],[81.465918,50.739844],[81.431445,50.771143],[81.451563,50.823682],[81.437695,50.871045],[81.410156,50.909766],[81.388281,50.956494],[81.319141,50.966406],[81.124609,50.946289],[81.071484,50.96875],[81.077539,51.014941],[81.112402,51.072363],[81.141016,51.146582],[81.127246,51.191064],[81.026758,51.185693],[80.965625,51.189795],[80.934082,51.242773],[80.877344,51.281445],[80.813086,51.283496],[80.735254,51.293408],[80.650488,51.277344],[80.605469,51.224219],[80.550684,51.216602],[80.491016,51.201758],[80.448047,51.18335],[80.421484,51.136377],[80.433594,51.092627],[80.452246,50.997607],[80.423633,50.946289],[80.345215,50.919092],[80.27041,50.924609],[80.220215,50.911768],[80.127246,50.85835],[80.086328,50.83999],[80.07207,50.807275],[80.065918,50.758203],[79.98623,50.774561],[79.859668,50.955469],[79.716406,51.16001],[79.554297,51.377979],[79.468848,51.493115],[79.14873,51.868115],[78.99209,52.047412],[78.721484,52.357031],[78.475488,52.638428],[78.198047,52.929688],[78.033496,53.094971],[77.859961,53.269189],[77.799414,53.317432],[77.704395,53.37915],[77.469238,53.498779],[77.132422,53.670117],[76.820703,53.822656],[76.575684,53.942529],[76.513086,53.993213],[76.484766,54.022559],[76.458594,54.055273],[76.42207,54.113525],[76.42168,54.151514],[76.65459,54.145264],[76.703027,54.182471],[76.788965,54.321875],[76.837305,54.442383],[76.759375,54.436865],[76.615527,54.387109],[76.53916,54.351074],[76.496484,54.335693],[76.266602,54.311963],[76.140527,54.258545],[75.880664,54.167969],[75.692871,54.114795],[75.656836,54.106006],[75.437207,54.089648],[75.398145,54.068506],[75.392383,54.021729],[75.377051,53.970117],[75.220215,53.893799],[75.052148,53.826709],[74.988965,53.819238],[74.886816,53.834033],[74.83418,53.825684],[74.681445,53.754395],[74.451953,53.647266],[74.430469,53.603711],[74.429297,53.550732],[74.402734,53.504443],[74.351562,53.487646],[74.277344,53.527734],[74.209961,53.576465],[74.068652,53.611426],[73.858984,53.619727],[73.731152,53.602783],[73.642969,53.57627],[73.469922,53.468896],[73.406934,53.447559],[73.371875,53.454395],[73.361914,53.506201],[73.326855,53.543164],[73.285742,53.598389],[73.305664,53.707227],[73.399414,53.811475],[73.554199,53.868311],[73.678906,53.929443],[73.715527,53.996191],[73.712402,54.042383],[73.666406,54.063477],[73.617969,54.067383],[73.589941,54.044971],[73.505664,53.999316],[73.380664,53.962842],[73.276563,53.955615],[73.229883,53.957812],[73.119336,53.980762],[72.914062,54.107324],[72.741016,54.124512],[72.622266,54.134326],[72.582715,54.121582],[72.564258,54.09043],[72.575586,54.056494],[72.599219,54.023047],[72.585938,53.995947],[72.530273,53.975781],[72.446777,53.941846],[72.404297,53.964453],[72.383008,54.053662],[72.387305,54.123047],[72.329492,54.181445],[72.269141,54.272119],[72.186035,54.325635],[72.105371,54.308447],[72.065625,54.231641],[72.004492,54.205664],[71.887402,54.221484],[71.677148,54.178027],[71.336426,54.15835],[71.093164,54.212207],[71.052734,54.260498],[71.152148,54.364062],[71.159766,54.45542],[71.15918,54.538623],[71.185547,54.599316],[71.12627,54.715039],[70.991797,54.950488],[70.910156,55.127979],[70.790332,55.261133],[70.738086,55.305176],[70.486328,55.282373],[70.417188,55.253174],[70.371484,55.212256],[70.293359,55.183594],[70.182422,55.162451],[70.087402,55.176758],[69.981738,55.199072],[69.870215,55.245654],[69.740234,55.307373],[69.493262,55.356885],[69.246973,55.37251],[68.977246,55.3896],[68.842969,55.35835],[68.712891,55.308496],[68.524805,55.204834],[68.438477,55.194434],[68.301953,55.186523],[68.20625,55.160937],[68.225293,55.115234],[68.244043,55.052441],[68.209375,55.003027],[68.155859,54.976709],[68.073828,54.95957],[67.939941,54.953711],[67.829883,54.943555],[67.693359,54.872412],[67.484668,54.854492],[67.257324,54.828809],[67.09834,54.788184],[66.754492,54.737891],[66.555371,54.71543],[66.222656,54.667383],[65.954688,54.659521],[65.914258,54.693311],[65.707813,54.618701],[65.476953,54.623291],[65.434375,54.593311],[65.378125,54.564453],[65.315918,54.551562],[65.237402,54.516064],[65.192188,54.441113],[65.157813,54.364404],[65.088379,54.340186],[64.99541,54.36875],[64.926758,54.396631],[64.809277,54.368555],[64.649902,54.352246],[64.525098,54.362158],[64.46123,54.38418],[64.199414,54.347412],[64.062891,54.30293],[64.037402,54.279736],[64.003906,54.26709],[63.84707,54.236475],[63.721191,54.24502],[63.701367,54.243213],[63.582031,54.221924],[63.413672,54.183203],[63.292676,54.170459],[63.191309,54.171045],[63.126563,54.139258],[63.073926,54.105225],[62.632715,54.069287],[62.588281,54.044434],[62.499023,54.013184],[62.040234,54.002637],[62.002344,53.979932],[61.985645,53.954395],[61.928711,53.946484],[61.598145,53.994922],[61.333691,54.049268],[61.231055,54.019482],[61.14375,53.963818],[61.113184,53.882471],[61.113184,53.812988],[61.113184,53.753467],[61.073535,53.710449],[60.985547,53.657422],[60.979492,53.621729],[61.098535,53.583105],[61.247949,53.550977],[61.336133,53.565186],[61.409961,53.587061],[61.474121,53.580273],[61.519141,53.554492],[61.534961,53.523291],[61.526563,53.501562],[61.498535,53.484668],[61.400977,53.455811],[61.311621,53.465723],[61.228906,53.445898],[61.185938,53.406201],[61.162793,53.336768],[61.199219,53.287158],[61.310938,53.275195],[61.436816,53.239404],[61.576172,53.222461],[61.659863,53.228467],[61.766211,53.173926],[62.014648,53.107861],[62.081055,53.057422],[62.082715,53.00542],[62.037109,52.966113],[61.974219,52.94375],[61.888574,52.955908],[61.719336,52.969385],[61.533594,52.978516],[61.400781,52.995996],[61.206934,52.989062],[61.047461,52.972461],[61.006543,52.93335],[60.944727,52.860156],[60.893262,52.819434],[60.802344,52.744727],[60.774414,52.675781],[60.821289,52.569824],[60.979492,52.394775],[60.994531,52.336865],[60.937598,52.280566],[60.828418,52.233398],[60.670313,52.15083],[60.499316,52.146338],[60.425488,52.125586],[60.233691,52.024512],[60.065527,51.976465],[60.030273,51.933252],[60.06748,51.890625],[60.280371,51.834619],[60.3875,51.772998],[60.418359,51.703906],[60.464746,51.651172],[60.630371,51.616943],[60.973535,51.537061],[60.993359,51.528711],[61.014844,51.492383],[61.363086,51.441895],[61.411328,51.414746],[61.554688,51.324609],[61.585059,51.229687],[61.512207,51.137012],[61.465039,50.990234],[61.389453,50.861035],[61.226855,50.774805],[60.942285,50.695508],[60.637988,50.663721],[60.508496,50.669189],[60.424805,50.67915],[60.288086,50.70415],[60.186719,50.769775],[60.112109,50.83418],[60.058594,50.850293],[60.005273,50.839697],[59.955176,50.799268],[59.887793,50.690186],[59.812402,50.582031],[59.751172,50.543945],[59.523047,50.492871],[59.497852,50.511084],[59.523926,50.582812],[59.495117,50.604297],[59.452344,50.62041],[59.170898,50.6479],[59.064355,50.668213],[58.984863,50.676123],[58.883691,50.694434],[58.814063,50.737207],[58.664551,50.868311],[58.547461,50.971045],[58.35918,51.063818],[58.188477,51.081738],[58.174707,51.072266],[58.045117,51.068848],[57.838867,51.09165],[57.828906,51.089014],[57.764844,51.046875],[57.716992,50.980957],[57.653809,50.925146],[57.557813,50.895557],[57.442188,50.888867],[57.3125,50.946533],[57.179004,51.036035],[57.011719,51.065186],[56.849609,51.045557],[56.790332,51.031592],[56.620215,50.980859],[56.566895,51.004492],[56.491406,51.019531],[56.325586,50.936084],[56.143945,50.844629],[56.104492,50.77627],[56.049707,50.713525],[55.929199,50.65376],[55.797656,50.602051],[55.68623,50.582861],[55.542285,50.601807],[55.361133,50.665283],[55.195215,50.744727],[55.014844,50.869775],[54.867969,50.941357],[54.727148,50.998096],[54.641602,51.011572],[54.572949,50.990234],[54.546094,50.946045],[54.565625,50.911279],[54.60625,50.879883],[54.637891,50.781055],[54.65,50.660156],[54.636133,50.591602],[54.596191,50.550684],[54.555273,50.535791],[54.517383,50.541162],[54.471484,50.583789],[54.443359,50.673926],[54.421484,50.780322],[54.297852,50.914062],[54.191113,50.995703],[54.139746,51.040771],[54.041504,51.115186],[53.956836,51.161182],[53.776465,51.213721],[53.688086,51.251807],[53.534668,51.399561],[53.448633,51.444531],[53.338086,51.482373],[53.247266,51.493604],[53.227344,51.484961],[53.038379,51.463721],[52.902637,51.466943],[52.820508,51.49458],[52.735059,51.4979],[52.728125,51.498145],[52.635156,51.479541],[52.617773,51.480762],[52.571191,51.481641],[52.496191,51.512158],[52.423047,51.594238],[52.331055,51.681299],[52.219141,51.709375],[52.007129,51.672705],[51.775391,51.554248],[51.609082,51.483984],[51.473438,51.482031],[51.395996,51.471289],[51.344531,51.475342],[51.301074,51.497412],[51.290723,51.540186],[51.269922,51.594482],[51.163477,51.647461],[51.017871,51.681641],[50.882422,51.719189],[50.793945,51.729199],[50.756152,51.675146],[50.643945,51.58916],[50.516309,51.505615],[50.353711,51.369727],[50.309277,51.321582],[50.246875,51.289502],[50.104883,51.25459],[49.932324,51.197168],[49.822266,51.131885],[49.666309,51.102295],[49.498047,51.083594],[49.424609,51.027002],[49.379492,50.934668],[49.323438,50.851709],[49.058691,50.726074],[48.91377,50.64458],[48.808398,50.601318],[48.734766,50.606885],[48.655176,50.619873],[48.625098,50.612695],[48.666016,50.550342],[48.700488,50.35376],[48.749414,50.228467],[48.784766,50.156445],[48.817969,50.099854],[48.843262,50.013135],[48.810254,49.962402],[48.758984,49.92832],[48.6,49.874707],[48.434277,49.828516],[48.334961,49.858252],[48.224805,49.931934],[48.181348,49.97002],[48.060742,50.093604],[47.849609,50.282324],[47.705762,50.377979],[47.599609,50.413574],[47.503613,50.402734],[47.429199,50.357959],[47.376367,50.318115],[47.326465,50.273535],[47.294727,50.21748],[47.297656,50.140234],[47.295215,50.058496],[47.24834,50.000879],[47.12959,49.939062],[46.991992,49.852734],[46.889551,49.696973],[46.823145,49.502246],[46.802051,49.36709],[46.85293,49.303857],[46.953418,49.252588],[47.018164,49.199902],[47.031348,49.150293],[47.014258,49.09834],[46.962207,49.03833],[46.85293,48.969629],[46.702637,48.805566],[46.60918,48.573877],[46.660938,48.412256],[46.853125,48.323584],[47.004297,48.284473],[47.064648,48.232471],[47.119043,48.127002],[47.111523,48.020117],[47.093262,47.947705],[47.130762,47.876758],[47.202051,47.79248],[47.292383,47.740918],[47.387305,47.768652],[47.481934,47.803906],[47.600195,47.78999],[47.934668,47.760693],[48.109961,47.74541],[48.166992,47.708789],[48.275684,47.589941],[48.413086,47.456494],[48.552539,47.320996],[48.600684,47.262305],[48.714355,47.100488],[48.831836,46.954932],[48.959375,46.774609],[48.950293,46.725781],[48.883594,46.70542],[48.776367,46.710352],[48.693555,46.736816],[48.64707,46.758691],[48.605273,46.765918],[48.558398,46.757129],[48.518555,46.734326],[48.502344,46.698633],[48.50918,46.649951],[48.541211,46.605615],[48.586035,46.5771],[48.610156,46.566455],[48.774316,46.507959],[48.958984,46.442139],[49.184277,46.348828],[49.232227,46.337158],[49.245898,46.291602],[49.125488,46.281738],[49.110645,46.228467],[49.07959,46.189209],[48.809961,46.100488],[48.742578,46.100732],[48.683691,46.086182],[48.687305,46.02876],[48.703418,45.976221],[48.749609,45.920557],[48.72959,45.896826],[48.689648,45.888867],[48.637402,45.905762],[48.589063,45.934863],[48.537305,45.942139],[48.487012,45.934863],[48.257617,45.777783],[48.15918,45.737012],[48.052832,45.720996],[47.830176,45.663037],[47.763965,45.665967],[47.701074,45.686182],[47.649805,45.656738],[47.633301,45.584033],[47.574023,45.634277],[47.508398,45.67417],[47.479395,45.687598],[47.463281,45.679688],[47.524219,45.601709],[47.529492,45.530225],[47.514551,45.490918],[47.488672,45.455078],[47.454492,45.433057],[47.413086,45.421045],[47.391113,45.294775],[47.35127,45.217725],[47.296191,45.149463],[47.221484,45.024268],[47.161523,44.969629],[47.114746,44.905957],[47.083789,44.816992],[47.039258,44.837891],[47.00293,44.876074],[46.983691,44.825586],[46.957422,44.782568],[46.841211,44.718262],[46.755273,44.656543],[46.716113,44.560693],[46.707227,44.50332],[46.720898,44.45166],[46.753027,44.420654],[46.915723,44.387158],[47.023633,44.343262],[47.122656,44.26167],[47.229883,44.192383],[47.307031,44.103125],[47.361523,43.993359],[47.429199,43.779883],[47.462793,43.555029],[47.562598,43.834668],[47.646484,43.884619],[47.627832,43.805957],[47.567969,43.684961],[47.508984,43.509717],[47.489844,43.381689],[47.511621,43.270752],[47.512891,43.21875],[47.463184,43.035059],[47.488867,42.999756],[47.529004,42.967139],[47.634863,42.903467],[47.709082,42.810937],[47.727734,42.680713],[47.769727,42.644775],[47.822363,42.613477],[48.080176,42.353711],[48.228613,42.180957],[48.303027,42.080225],[48.383789,41.953418],[48.426367,41.923975],[48.476758,41.905127],[48.572852,41.844482],[48.518652,41.779346],[48.430664,41.66333],[48.391406,41.601904],[48.298145,41.54502],[48.142285,41.484766],[48.056055,41.458691],[47.963672,41.333984],[47.861133,41.212744],[47.791016,41.199268],[47.591797,41.218115],[47.520605,41.229053],[47.317676,41.282422],[47.261133,41.315088],[47.205273,41.455615],[47.142578,41.516064],[47.063965,41.554688],[47.010156,41.5875],[46.987793,41.621387],[46.930859,41.67041],[46.825586,41.743408],[46.749316,41.812598],[46.690332,41.831348],[46.616016,41.806934],[46.571289,41.800098],[46.552148,41.812305],[46.537695,41.87041],[46.429883,41.890967],[46.411523,41.904639],[46.267773,41.960352],[46.212695,41.989893],[46.159766,41.992041],[46.048438,42.00874],[45.954004,42.0354],[45.910352,42.070703],[45.845996,42.109961],[45.726562,42.158887],[45.638574,42.205078],[45.634277,42.234717],[45.688379,42.357373],[45.727539,42.475049],[45.705273,42.498096],[45.655566,42.517676],[45.562891,42.535742],[45.34375,42.529785],[45.208203,42.648242],[45.160254,42.675],[45.071582,42.694141],[44.943359,42.730273],[44.870996,42.756396],[44.850488,42.746826],[44.771094,42.616797],[44.691797,42.709619],[44.644336,42.734717],[44.576465,42.748486],[44.505859,42.748633],[44.329492,42.703516],[44.199707,42.653613],[44.102734,42.616357],[44.004688,42.595605],[43.957422,42.566553],[43.825977,42.571533],[43.759863,42.593848],[43.738379,42.616992],[43.749902,42.65752],[43.79541,42.702979],[43.79873,42.727783],[43.782617,42.747021],[43.623047,42.807715],[43.557813,42.844482],[43.347949,42.89668],[43.08916,42.989062],[43.000195,43.049658],[42.991602,43.091504],[42.890039,43.132617],[42.760645,43.16958],[42.660254,43.159082],[42.566016,43.155127],[42.419043,43.224219],[42.279688,43.228076],[42.122266,43.207324],[42.087793,43.199121],[42.05,43.190137],[41.580566,43.219238],[41.460742,43.276318],[41.358203,43.333398],[41.083105,43.374463],[40.941992,43.418066],[40.80166,43.479932],[40.648047,43.533887],[40.518945,43.512012],[40.342285,43.542725],[40.150195,43.569775],[40.08457,43.553125],[40.02373,43.484863],[39.97832,43.419824],[39.873633,43.472803],[39.516699,43.727881],[39.329395,43.897266],[38.717285,44.288086],[38.63584,44.318018],[38.311816,44.374463],[38.18125,44.419678],[37.851465,44.698828],[37.704883,44.661377],[37.572461,44.67085],[37.495117,44.695264],[37.411328,44.735352],[37.352344,44.788379],[37.284082,44.905029],[37.204785,44.971973],[36.944434,45.06958],[36.650781,45.126465],[36.627637,45.151318],[36.619141,45.185498],[36.873047,45.251758],[36.941211,45.289697],[36.811035,45.340039],[36.761621,45.34834],[36.72041,45.371875],[36.79375,45.409717],[36.865918,45.427051],[36.977832,45.383594],[37.103516,45.302881],[37.213574,45.272314],[37.264258,45.310937],[37.647168,45.377197],[37.672949,45.429736],[37.671875,45.488379],[37.634375,45.486328],[37.609961,45.499512],[37.612402,45.564697],[37.669238,45.654053],[37.840918,45.799561],[37.933105,46.001709],[38.014258,46.047754],[38.073828,46.01709],[38.069727,45.969873],[38.07959,45.934814],[38.132812,46.002832],[38.183594,46.094824],[38.311816,46.095361],[38.400391,46.080029],[38.492285,46.090527],[38.315234,46.241943],[38.077734,46.394336],[37.977539,46.382861],[37.913867,46.406494],[37.80957,46.53208],[37.766504,46.636133],[37.867383,46.633789],[37.967969,46.618018],[38.159473,46.690674],[38.22998,46.70127],[38.343457,46.67832],[38.500977,46.663672],[38.487988,46.732178],[38.438672,46.813086],[38.630762,46.873047],[38.801074,46.906152],[39.126758,47.023438],[39.270703,47.044141],[39.289062,47.070898],[39.293457,47.105762],[39.244531,47.199512],[39.195703,47.268848],[39.02373,47.272217],[38.92832,47.175684],[38.668164,47.143945],[38.552441,47.150342],[38.644336,47.212207],[38.736035,47.23584],[38.761914,47.261621],[38.577246,47.239111],[38.484766,47.175537],[38.214355,47.091455],[38.205859,47.135596],[38.201367,47.175244],[38.221191,47.212744],[38.265332,47.236963],[38.280762,47.259033],[38.280762,47.27666],[38.241016,47.287695],[38.208008,47.296533],[38.201367,47.320801],[38.212402,47.342773],[38.243262,47.373682],[38.256543,47.408936],[38.258789,47.479541],[38.287402,47.55918],[38.368848,47.609961],[38.510938,47.622412],[38.640625,47.665918],[38.718945,47.714111],[38.822266,47.837012],[38.900293,47.855127],[39.057813,47.848486],[39.158496,47.837402],[39.391016,47.83374],[39.658496,47.841211],[39.735938,47.844824],[39.778711,47.887549],[39.775781,47.964453],[39.813965,48.035303],[39.885059,48.168359],[39.961035,48.237939],[39.95791,48.268896],[39.918164,48.281934],[39.866309,48.288428],[39.847461,48.302783],[39.849902,48.331934],[39.889844,48.360449],[39.882617,48.419092],[39.85752,48.484229],[39.835645,48.542773],[39.76543,48.571875],[39.644727,48.591211],[39.67041,48.662451],[39.70459,48.739355],[39.755859,48.78208],[39.792871,48.807715],[39.904102,48.79375],[39.984473,48.807373],[40.003613,48.82207],[39.98916,48.851416],[39.86377,48.877979],[39.75332,48.914453],[39.705664,48.95957],[39.686523,49.00791],[39.759473,49.036572],[39.889746,49.064062],[39.976367,49.129834],[40.07002,49.200293],[40.108789,49.251562],[40.12832,49.307227],[40.126172,49.368848],[40.057813,49.431543],[40.057813,49.49707],[40.094922,49.542676],[40.080664,49.576855],[40.030664,49.596729],[39.958496,49.590771],[39.876855,49.567676],[39.780566,49.572021],[39.626563,49.650684],[39.462793,49.728027],[39.368457,49.730664],[39.30293,49.742041],[39.245996,49.781934],[39.211816,49.833203],[39.174805,49.855957],[39.114941,49.841748],[39.027734,49.818408],[38.918359,49.824707],[38.77666,49.884326],[38.647754,49.952881],[38.551953,49.95459],[38.451172,49.964062],[38.258594,50.052344],[38.208691,50.051465],[38.177539,50.025391],[38.162695,49.954541],[38.146777,49.939404],[38.1125,49.927832],[38.046875,49.92002],[37.950293,49.964209],[37.704199,50.109082],[37.605078,50.214941],[37.582324,50.291846],[37.501367,50.340723],[37.422852,50.411475],[37.343164,50.417627],[37.254883,50.394971],[37.171094,50.360889],[37.13125,50.351514],[36.988477,50.339551],[36.759082,50.291846],[36.696387,50.24624],[36.619434,50.209229],[36.559668,50.234863],[36.499805,50.280469],[36.368848,50.296826],[36.306055,50.280469],[36.243359,50.311768],[36.189453,50.367822],[36.116406,50.408545],[36.007812,50.419678],[35.890234,50.437109],[35.796191,50.405762],[35.67373,50.345996],[35.591113,50.36875],[35.545508,50.43999],[35.488477,50.459912],[35.411621,50.539697],[35.391699,50.610937],[35.411621,50.642236],[35.440137,50.68208],[35.440137,50.727686],[35.417383,50.767578],[35.383203,50.798926],[35.346094,50.904297],[35.314746,50.949902],[35.309082,50.986914],[35.334766,51.021143],[35.311914,51.043896],[35.269141,51.046777],[35.198047,51.043896],[35.158105,51.060986],[35.115332,51.12085],[35.092578,51.180664],[35.064063,51.203418],[34.990234,51.201758],[34.868555,51.189209],[34.760352,51.169336],[34.712305,51.172217],[34.616797,51.203125],[34.491016,51.237061],[34.23418,51.243799],[34.213867,51.255371],[34.228418,51.276855],[34.280664,51.31167],[34.275,51.340186],[34.229883,51.363232],[34.206543,51.419922],[34.209277,51.484082],[34.200879,51.553809],[34.146777,51.607959],[34.11543,51.644971],[34.121094,51.67915],[34.23916,51.692236],[34.379297,51.716504],[34.402734,51.741504],[34.397852,51.78042],[34.113086,51.979639],[34.015332,52.155957],[33.92207,52.251465],[33.818848,52.315625],[33.735254,52.344775],[33.613379,52.332617],[33.451855,52.333789],[33.287109,52.353564],[33.148438,52.34043],[32.899707,52.256348],[32.806445,52.252637],[32.64541,52.279102],[32.50791,52.308545],[32.435449,52.307227],[32.391309,52.294824],[32.362988,52.272119],[32.282813,52.114014],[32.216797,52.082959],[32.122266,52.050586],[32.041602,52.04502],[31.973828,52.046631],[31.875586,52.070898],[31.782422,52.099414],[31.763379,52.101074],[31.758594,52.12583],[31.690625,52.220654],[31.649902,52.262207],[31.601562,52.284814],[31.577344,52.312305],[31.576563,52.426025],[31.585547,52.532471],[31.615918,52.546191],[31.526172,52.633008],[31.519434,52.69873],[31.563477,52.731445],[31.564844,52.759229],[31.535156,52.798242],[31.442773,52.861816],[31.353027,52.933447],[31.295117,52.989795],[31.258789,53.016699],[31.30293,53.060889],[31.364551,53.138965],[31.388379,53.184814],[31.417871,53.196045],[31.562988,53.20249],[31.668262,53.200928],[31.747461,53.18418],[31.777441,53.146875],[31.849707,53.106201],[32.055469,53.089453],[32.141992,53.091162],[32.250684,53.128369],[32.42627,53.210596],[32.469336,53.270312],[32.578027,53.312402],[32.644434,53.328906],[32.704297,53.336328],[32.710254,53.371436],[32.706445,53.419434],[32.685742,53.448145],[32.469629,53.546973],[32.442383,53.579248],[32.425195,53.617285],[32.450977,53.65332],[32.450195,53.69292],[32.200391,53.78125],[31.992188,53.796875],[31.820801,53.791943],[31.754199,53.810449],[31.783008,53.85498],[31.825293,53.93501],[31.837793,54.000781],[31.825977,54.030713],[31.791992,54.055908],[31.628418,54.111182],[31.403613,54.195947],[31.299121,54.291699],[31.245508,54.39165],[31.184766,54.452979],[31.074805,54.491797],[31.081934,54.51709],[31.154883,54.610937],[31.152148,54.625342],[31.121289,54.648486],[30.98418,54.695898],[30.798828,54.783252],[30.791016,54.806006],[30.804492,54.860937],[30.829883,54.91499],[30.866797,54.940723],[30.977734,55.050488],[30.977734,55.087793],[30.958887,55.137598],[30.877441,55.223437],[30.814453,55.278711],[30.810547,55.306982],[30.820996,55.330273],[30.861816,55.3604],[30.900586,55.397412],[30.908789,55.525342],[30.906836,55.57002],[30.882227,55.596387],[30.855957,55.60752],[30.800781,55.601123],[30.72168,55.622119],[30.662305,55.655469],[30.625586,55.66626],[30.586719,55.700293],[30.475391,55.768799],[30.45625,55.786816],[30.233594,55.845215],[30.042676,55.836426],[29.937012,55.845264],[29.881641,55.832324],[29.823926,55.795117],[29.744141,55.77041],[29.68457,55.769727],[29.630078,55.751172],[29.482227,55.68457],[29.412988,55.724854],[29.353418,55.784375],[29.373145,55.834717],[29.397949,55.881055],[29.396094,55.912207],[29.375,55.938721],[29.283008,55.967871],[29.087402,56.021143],[29.031738,56.021777],[28.947461,56.0021],[28.794727,55.942578],[28.74082,55.955371],[28.69082,56.002637],[28.636914,56.061768],[28.563965,56.091992],[28.407031,56.089014],[28.39209,56.086719],[28.316309,56.052539],[28.284277,56.055908],[28.147949,56.14292],[28.17334,56.190332],[28.202051,56.2604],[28.191699,56.315576],[28.169238,56.386865],[28.11084,56.510693],[28.103125,56.545703],[28.00752,56.599854],[27.991602,56.645312],[27.941406,56.703711],[27.89209,56.741064],[27.881543,56.82417],[27.848633,56.853418],[27.806055,56.86709],[27.655664,56.843213],[27.639453,56.845654],[27.711133,56.978076],[27.717383,57.054639],[27.762793,57.135107],[27.814551,57.166895],[27.830273,57.194482],[27.838281,57.247705],[27.828613,57.293311],[27.796875,57.316943],[27.672754,57.368115],[27.538672,57.429785],[27.511133,57.508154],[27.469727,57.524023],[27.351953,57.528125],[27.354297,57.550293],[27.371777,57.612549],[27.4,57.666797],[27.491992,57.724951],[27.514746,57.764209],[27.54209,57.799414],[27.752832,57.841016],[27.776953,57.856738],[27.778516,57.870703],[27.76875,57.884131],[27.721973,57.905469],[27.673438,57.934619],[27.644141,58.013916],[27.571094,58.138086],[27.502441,58.221338],[27.487793,58.270068],[27.505566,58.32627],[27.530078,58.381494],[27.531348,58.435254],[27.427051,58.733057],[27.43418,58.787256],[27.464453,58.841309],[27.513086,58.886279],[27.621777,58.944971],[27.757617,59.052002],[27.849512,59.192676],[27.897656,59.277637],[27.938184,59.297021],[28.016406,59.301709],[28.046094,59.327832],[28.061328,59.343262],[28.12832,59.357568],[28.151074,59.374414],[28.133008,59.403076],[28.06582,59.453174],[28.0125,59.484277],[28.063965,59.554004],[28.046289,59.647168],[28.013965,59.724756],[28.058008,59.781543],[28.131152,59.786523],[28.2125,59.724658],[28.33457,59.692529],[28.42373,59.734082],[28.453906,59.814258],[28.518164,59.849561],[28.603906,59.818066],[28.747656,59.806689],[28.866895,59.811914],[28.947266,59.82876],[28.981543,59.854785],[29.013379,59.901562],[29.079102,59.960986],[29.147266,59.999756],[29.669727,59.955664],[30.122559,59.873584],[30.156836,59.904297],[30.172656,59.957129],[30.059961,60.002588],[29.976758,60.026367],[29.872266,60.12085],[29.721191,60.195312],[29.569336,60.201855],[29.37041,60.175928],[29.069141,60.191455],[28.812695,60.331543],[28.643164,60.375293],[28.522266,60.482959],[28.491602,60.540137],[28.622461,60.491602],[28.640332,60.542871],[28.650586,60.610986],[28.577832,60.652539],[28.512793,60.677295],[28.179297,60.570996],[27.797656,60.536133],[28.151953,60.74585],[28.407422,60.896924],[28.455078,60.919629],[28.568164,60.960205],[28.662891,61.002832],[28.739063,61.05874],[28.992969,61.169043],[29.25166,61.287793],[29.492383,61.444238],[29.579395,61.493457],[29.690137,61.546094],[29.933203,61.711572],[30.009961,61.757373],[30.306445,61.964844],[30.479688,62.068213],[30.565625,62.127588],[30.935742,62.323779],[31.186719,62.481396],[31.285645,62.567822],[31.382422,62.69165],[31.437305,62.776123],[31.533984,62.8854],[31.536523,62.921631],[31.509277,62.955322],[31.437012,63.007715],[31.336719,63.068066],[31.247461,63.141895],[31.180859,63.208301],[30.974805,63.300635],[30.655273,63.41748],[30.418555,63.504053],[30.055371,63.689014],[29.991504,63.735156],[30.004102,63.747314],[30.210254,63.80332],[30.415332,63.94751],[30.503906,64.020605],[30.526074,64.077295],[30.52793,64.141113],[30.51377,64.2],[30.487891,64.236523],[30.390625,64.282422],[30.108105,64.366113],[30.041895,64.443359],[29.986621,64.524268],[29.985547,64.557715],[30.120117,64.644629],[30.126172,64.688086],[30.110254,64.732568],[30.072852,64.765039],[29.783203,64.804297],[29.70166,64.845752],[29.6375,64.911768],[29.604199,64.968408],[29.600879,65.001953],[29.622461,65.039502],[29.72002,65.080322],[29.81084,65.10791],[29.826953,65.145068],[29.826172,65.185303],[29.810547,65.204736],[29.629688,65.223877],[29.612402,65.234766],[29.608008,65.248682],[29.617188,65.265332],[29.714844,65.336963],[29.728027,65.473438],[29.819434,65.56875],[29.715918,65.624561],[29.723926,65.634375],[29.882617,65.663623],[30.029004,65.670703],[30.095313,65.681689],[30.102734,65.72627],[30.0875,65.786523],[29.936621,66.022949],[29.903418,66.091064],[29.803516,66.177051],[29.720703,66.234863],[29.670898,66.276123],[29.590723,66.356836],[29.544336,66.439697],[29.464355,66.532178],[29.371191,66.617041],[29.293262,66.695508],[29.093066,66.849219],[29.066211,66.891748],[29.069043,66.930225],[29.087012,66.970947],[29.243359,67.096582],[29.387695,67.201416],[29.572266,67.324365],[29.750586,67.426416],[29.941211,67.547461],[29.988086,67.668262],[29.979199,67.688574],[29.821582,67.754004],[29.524219,67.929102],[29.343848,68.061865],[29.062988,68.117969],[28.685156,68.189795],[28.560156,68.351367],[28.470703,68.488379],[28.479297,68.537646],[28.752051,68.771436],[28.777637,68.813818],[28.772852,68.840039],[28.744824,68.856445],[28.705957,68.865527],[28.453516,68.872266],[28.414062,68.90415],[28.566016,68.928223],[28.692188,68.961035],[28.898926,69.009668],[28.96582,69.021973],[29.118555,69.049951],[29.170898,69.071533],[29.209961,69.097021],[29.353027,69.270605],[29.388281,69.298145],[29.832715,69.360449],[29.994043,69.39248],[30.087305,69.432861],[30.131836,69.464258],[30.16377,69.501611],[30.186719,69.542773],[30.196484,69.580566],[30.159766,69.629883],[30.180176,69.63584],[30.227539,69.633789],[30.379688,69.584717],[30.61543,69.532568],[30.788867,69.528516],[30.860742,69.538428],[30.89668,69.56123],[30.922461,69.605811],[30.924121,69.651758],[30.869727,69.783447],[31.049512,69.769238],[31.452734,69.6896],[31.546973,69.696924],[31.666211,69.720996],[31.788574,69.815771],[31.879395,69.831982],[31.997949,69.809912],[32.030566,69.835303],[31.969336,69.913916],[31.98457,69.953662],[32.391602,69.868701],[32.56543,69.806494],[32.941699,69.751855],[33.007812,69.722119],[33.012598,69.670508],[32.994629,69.626172],[32.915039,69.601709],[32.754297,69.605713],[32.176758,69.674023],[32.091504,69.632568],[32.161328,69.596631],[32.330566,69.554248],[32.377734,69.479102],[32.636816,69.489453],[32.883789,69.46084],[32.999805,69.470117],[33.020996,69.445605],[32.941602,69.38335],[32.978906,69.367334],[33.255859,69.427734],[33.384863,69.444287],[33.454297,69.428174],[33.463672,69.378174],[33.417969,69.315283],[33.412988,69.267432],[33.327734,69.151855],[33.196387,69.116846],[33.141211,69.068701],[33.333398,69.098193],[33.435645,69.130371],[33.627051,69.28916],[33.684375,69.310254],[34.229395,69.313135],[34.352734,69.30293],[34.863965,69.228076],[35.00957,69.22124],[35.175879,69.230811],[35.233203,69.265576],[35.289844,69.275439],[35.85791,69.191748],[36.618262,69.003467],[37.730566,68.692139],[38.357617,68.415137],[38.430176,68.355615],[38.656836,68.321875],[38.705566,68.344727],[38.831543,68.324902],[39.568945,68.071729],[39.82334,68.058594],[39.789746,68.112158],[39.746289,68.162207],[39.809277,68.15083],[39.895605,68.114502],[40.035742,68.015381],[40.206641,67.941895],[40.380664,67.831885],[40.525781,67.789697],[40.656543,67.774072],[40.766309,67.743018],[40.966406,67.713477],[41.060938,67.444189],[41.133887,67.386035],[41.133887,67.266943],[41.261719,67.218457],[41.358789,67.209668],[41.354297,67.121436],[41.275586,66.914307],[41.188965,66.826172],[40.521582,66.446631],[40.10332,66.299951],[39.289062,66.132031],[38.653906,66.069043],[38.397559,66.064453],[37.900684,66.095605],[37.628223,66.12959],[37.294824,66.225049],[36.983691,66.272559],[36.769922,66.293555],[36.373438,66.302295],[35.513477,66.395801],[35.363965,66.428662],[34.824609,66.611133],[34.610254,66.559619],[34.482617,66.550342],[34.396094,66.613184],[34.430859,66.629785],[34.451563,66.651221],[34.146094,66.703271],[33.893652,66.706738],[33.75957,66.750977],[33.59541,66.784619],[33.522949,66.764355],[33.482031,66.764551],[33.150195,66.843945],[33.001953,66.908301],[32.847559,67.021533],[32.885254,67.061133],[32.930469,67.086816],[32.399902,67.152686],[31.895313,67.161426],[31.983008,67.129834],[32.201563,67.113232],[32.340625,67.067871],[32.500977,67.003857],[32.463672,66.916309],[32.686426,66.829541],[32.857324,66.746924],[32.862402,66.721387],[32.928711,66.704102],[33.180566,66.679932],[33.224414,66.603857],[33.18291,66.573877],[33.217383,66.531641],[33.405273,66.484277],[33.517676,66.471387],[33.655957,66.442627],[33.593262,66.38457],[33.476953,66.346875],[33.360547,66.329541],[33.41582,66.315625],[33.566699,66.320996],[34.112695,66.225244],[34.399805,66.128418],[34.691797,65.951855],[34.786328,65.864551],[34.793164,65.816357],[34.776953,65.768262],[34.734766,65.716309],[34.715527,65.664062],[34.615723,65.509912],[34.544141,65.456689],[34.406445,65.395752],[34.535938,65.27793],[34.671094,65.168115],[34.803516,64.985986],[34.827148,64.912695],[34.832617,64.800195],[34.952246,64.755957],[34.905469,64.738672],[34.858301,64.706689],[34.869531,64.56001],[35.035352,64.440234],[35.284082,64.362549],[35.432031,64.346777],[35.64707,64.37832],[35.802051,64.335352],[36.146484,64.189014],[36.301953,64.034375],[36.364941,64.002832],[36.71377,63.945068],[36.975195,63.909521],[37.372754,63.816748],[37.442188,63.813379],[37.635352,63.893408],[37.967969,63.949121],[38.070801,64.02583],[38.062207,64.091016],[37.977148,64.207031],[37.953711,64.320117],[37.843555,64.366309],[37.740625,64.396973],[37.42959,64.373584],[37.289551,64.37793],[37.183691,64.408496],[37.04043,64.48916],[36.769336,64.685254],[36.624219,64.750537],[36.578711,64.790967],[36.528223,64.847363],[36.53457,64.938623],[36.65293,64.935449],[36.785938,64.987158],[36.882812,65.172363],[37.050195,65.195898],[37.14082,65.194287],[37.528125,65.108252],[38.009375,64.87876],[38.115723,64.85459],[38.228223,64.851221],[38.412109,64.85708],[38.441992,64.827148],[38.540918,64.79126],[38.613086,64.78667],[39.053516,64.713916],[39.567383,64.570557],[39.758008,64.577051],[39.833008,64.656396],[39.848633,64.690527],[40.057813,64.770752],[40.203711,64.784033],[40.407813,64.754883],[40.444922,64.778711],[40.375391,64.896289],[40.28125,64.998096],[40.142676,65.063281],[39.896484,65.254785],[39.798047,65.349854],[39.749121,65.447949],[39.781152,65.534717],[39.816504,65.597949],[40.327832,65.751709],[40.512793,65.843799],[40.691602,65.963428],[40.774414,65.987891],[41.076074,66.021094],[41.475781,66.123437],[41.780859,66.259326],[42.083594,66.465918],[42.210547,66.519678],[42.313672,66.514746],[42.450781,66.482422],[42.602148,66.42251],[42.806543,66.411328],[43.005957,66.420947],[43.233203,66.415527],[43.550879,66.321289],[43.60332,66.291211],[43.653125,66.250977],[43.550391,66.173389],[43.541895,66.123389],[43.623926,66.146729],[43.737012,66.158398],[43.84375,66.142383],[43.944141,66.098682],[44.016699,66.049756],[44.104395,66.008594],[44.132422,66.064551],[44.145313,66.112744],[44.097168,66.235059],[44.220703,66.40708],[44.316406,66.481689],[44.488672,66.671777],[44.437109,66.794629],[44.429297,66.937744],[44.403906,67.004199],[44.291797,67.099658],[44.074414,67.167334],[43.855371,67.188623],[43.782422,67.254492],[43.795703,67.32959],[43.856348,67.439307],[44.036426,67.670654],[44.225391,67.995605],[44.231543,68.07124],[44.213867,68.112598],[44.226465,68.154443],[44.204688,68.25376],[44.169141,68.3271],[43.404004,68.608545],[43.358008,68.635791],[43.333203,68.673389],[43.413281,68.681738],[43.471973,68.679834],[44.048047,68.548828],[44.175293,68.541748],[45.078125,68.578174],[45.519434,68.546533],[45.891992,68.479687],[46.158398,68.291357],[46.429688,68.118848],[46.683594,67.970459],[46.69043,67.848828],[46.428906,67.823682],[46.174219,67.818164],[45.528711,67.757568],[45.374121,67.688867],[44.939453,67.477441],[44.902148,67.413135],[44.939453,67.350781],[45.138867,67.284717],[45.562207,67.185596],[45.752539,66.98916],[45.885352,66.891064],[45.986035,66.853125],[46.083984,66.843506],[46.297754,66.842822],[46.448535,66.818994],[46.492383,66.800195],[46.552344,66.818994],[46.69082,66.825537],[47.496484,66.929834],[47.655859,66.975928],[47.709082,67.04502],[47.768066,67.275635],[47.839258,67.355713],[47.908203,67.454688],[47.882617,67.515332],[47.874707,67.58418],[48.278711,67.650391],[48.653809,67.695264],[48.833203,67.681494],[48.87793,67.731348],[48.762695,67.827002],[48.695703,67.874219],[48.754297,67.895947],[48.840625,67.869727],[48.953906,67.853809],[49.155273,67.87041],[49.93125,68.065137],[50.233203,68.175342],[50.414062,68.218359],[50.699414,68.317725],[50.838867,68.349951],[51.078516,68.36333],[51.336133,68.402441],[51.616699,68.476318],[51.994727,68.53877],[52.055664,68.541309],[52.128809,68.532031],[52.285352,68.459375],[52.227441,68.418604],[52.183496,68.374268],[52.25918,68.350928],[52.322266,68.339697],[52.39668,68.351709],[52.475,68.382129],[52.669727,68.426758],[52.722656,68.484033],[52.647656,68.506152],[52.550098,68.592432],[52.435059,68.610205],[52.344043,68.608154],[52.683594,68.731201],[53.412891,68.912549],[53.801953,68.995898],[54.18584,69.00332],[54.491211,68.992334],[54.37627,68.964746],[53.874414,68.926611],[53.797656,68.907471],[53.798242,68.884668],[53.919531,68.87124],[53.970605,68.844287],[53.929297,68.811865],[53.891211,68.801514],[53.833887,68.708936],[53.758887,68.633984],[53.917676,68.536963],[53.930859,68.435547],[53.829492,68.382666],[53.690039,68.402539],[53.566699,68.36709],[53.342578,68.343213],[53.293359,68.31167],[53.260547,68.26748],[53.403125,68.256836],[53.515137,68.259668],[53.913672,68.231201],[53.967871,68.227344],[54.099219,68.259033],[54.23291,68.266309],[54.393945,68.275098],[54.476172,68.294141],[54.56123,68.273047],[54.717969,68.18418],[54.861328,68.201855],[54.923047,68.373828],[55.150879,68.480029],[55.418066,68.567822],[55.675293,68.575879],[55.924609,68.637305],[56.043652,68.648877],[56.275684,68.624072],[56.620215,68.619043],[56.909375,68.566699],[57.126855,68.554004],[57.444336,68.641504],[58.173047,68.889746],[58.237012,68.833936],[58.353906,68.916211],[58.918945,69.003809],[59.057324,69.006055],[59.059863,68.972559],[59.110156,68.896289],[59.22041,68.849609],[59.370508,68.738379],[59.29834,68.708447],[59.222559,68.691309],[59.112305,68.616309],[59.099023,68.444336],[59.310742,68.400293],[59.604297,68.351123],[59.725684,68.351611],[59.827539,68.380322],[59.858789,68.396045],[59.897363,68.421924],[59.922852,68.471338],[59.941406,68.510498],[59.865137,68.604932],[59.895996,68.706348],[60.160254,68.699512],[60.48916,68.728955],[60.637695,68.787012],[60.815137,68.895215],[60.933594,68.986768],[60.858594,69.145508],[60.664551,69.110254],[60.337305,69.457031],[60.170605,69.590918],[60.276465,69.652637],[60.558691,69.692334],[60.812988,69.821143],[60.909082,69.847119],[61.015918,69.851465],[61.770508,69.763037],[62.63125,69.743115],[63.361426,69.675293],[64.19043,69.534668],[64.592188,69.435645],[64.928516,69.325391],[64.896289,69.247803],[65.031543,69.269824],[65.326758,69.201367],[65.52793,69.173438],[65.735742,69.132324],[65.812695,69.077002],[66.084766,69.036328],[66.365625,68.961328],[66.416113,68.947852],[66.756445,68.891992],[67.002441,68.873584],[67.149219,68.753955],[67.639648,68.579297],[67.730762,68.513672],[68.156934,68.403662],[68.371191,68.314258],[68.504199,68.348438],[68.829492,68.567432],[69.024316,68.817969],[69.140527,68.950635],[68.924414,68.956201],[68.762891,68.917383],[68.65957,68.927393],[68.542773,68.96709],[68.355078,69.067578],[68.117383,69.23623],[68.073047,69.420801],[68.005859,69.480029],[67.774316,69.52998],[67.624121,69.584424],[67.064453,69.693701],[66.964063,69.655566],[66.93418,69.59668],[66.89668,69.553809],[66.840234,69.60918],[66.804004,69.659229],[66.80293,69.740137],[66.832227,69.842187],[66.926367,70.014258],[67.069043,70.005615],[67.144434,70.030615],[67.239258,70.108057],[67.197461,70.171631],[67.146484,70.219922],[67.156836,70.295117],[67.246875,70.500098],[67.284766,70.738721],[67.211523,70.798438],[67.143359,70.837549],[66.822461,70.797363],[66.702246,70.818506],[66.675195,70.864697],[66.666113,70.900586],[66.758789,70.962354],[66.84707,71.063721],[66.692578,71.041699],[66.639648,71.081396],[66.768066,71.139893],[66.917578,71.282373],[67.274219,71.347852],[67.541797,71.412012],[67.959375,71.548389],[68.269238,71.682812],[68.469434,71.852637],[68.607422,72.012744],[68.829688,72.391553],[69.039062,72.669922],[69.391406,72.955518],[69.611816,72.981934],[69.694336,72.977539],[69.708984,72.956396],[69.658789,72.931836],[69.645117,72.897559],[69.738281,72.884961],[69.8875,72.882568],[70.172168,72.901172],[70.655371,72.890381],[71.500195,72.913672],[71.616992,72.9021],[71.92959,72.819678],[72.100977,72.829004],[72.446387,72.790332],[72.633789,72.744482],[72.812109,72.691406],[72.787402,72.482959],[72.75293,72.343164],[72.624414,72.079443],[72.574121,72.012549],[72.375,71.821631],[72.279492,71.695508],[72.129688,71.60918],[71.912012,71.547949],[71.884375,71.511377],[71.867285,71.457373],[72.079297,71.306689],[72.581348,71.151123],[72.704492,70.963232],[72.731641,70.822852],[72.7,70.457324],[72.65332,70.403418],[72.561914,70.345557],[72.469434,70.274951],[72.529688,70.17251],[72.599414,69.793213],[72.615625,69.484033],[72.557324,69.378418],[72.527051,69.154248],[72.527344,69.080518],[72.576758,68.968701],[72.67832,68.874854],[72.811914,68.815234],[73.190723,68.706787],[73.548047,68.574512],[73.573438,68.532617],[73.591699,68.481885],[73.465234,68.430762],[73.266406,68.294482],[73.139453,68.181348],[73.129395,68.090918],[73.173047,67.973047],[73.152148,67.865039],[73.066797,67.766943],[72.94873,67.69624],[72.594336,67.586963],[71.847461,67.007617],[71.668164,66.939697],[71.365234,66.961523],[71.448926,66.878955],[71.551172,66.760449],[71.539551,66.683105],[71.341992,66.686719],[71.065625,66.604492],[70.939453,66.548145],[70.724902,66.519434],[70.561426,66.548682],[70.382812,66.60249],[70.408887,66.647607],[70.442578,66.668262],[70.567969,66.700879],[70.690723,66.745312],[70.630762,66.754199],[70.579102,66.75376],[70.443945,66.697314],[70.283398,66.685791],[70.09375,66.754346],[69.948633,66.82998],[69.877148,66.845459],[69.74043,66.8146],[69.217773,66.828613],[69.078711,66.815918],[69.013477,66.78833],[69.051172,66.766357],[69.091113,66.723584],[69.143945,66.640723],[69.194336,66.578662],[69.412012,66.510742],[69.700977,66.48457],[69.982422,66.401416],[70.339453,66.342383],[71.145508,66.36665],[71.358008,66.359424],[71.565625,66.33374],[71.916992,66.246729],[72.067578,66.25332],[72.321582,66.332129],[72.383984,66.506543],[72.417383,66.560791],[73.341602,66.806836],[73.513574,66.861084],[73.79209,66.995312],[73.883301,67.084961],[73.98623,67.327686],[74.074512,67.414111],[74.676074,67.694629],[74.769531,67.766357],[74.787305,67.89751],[74.778223,67.985938],[74.742676,68.073535],[74.632422,68.218311],[74.51123,68.303076],[74.391406,68.420605],[74.480957,68.658887],[74.57959,68.751221],[75.124609,68.861719],[75.589551,68.901172],[76.10752,68.975732],[76.316016,68.991504],[76.45918,68.978271],[76.605762,68.897607],[76.735059,68.776904],[77.111719,68.596191],[77.238477,68.46958],[77.261035,68.315576],[77.248438,67.941016],[77.174414,67.778516],[77.325098,67.735645],[77.395605,67.698682],[77.579199,67.643945],[77.675098,67.5896],[77.771582,67.570264],[77.985547,67.55918],[78.589551,67.578467],[78.922461,67.589111],[78.887598,67.613135],[78.839063,67.631201],[78.559082,67.639111],[78.16123,67.678369],[77.588281,67.751904],[77.520117,67.909619],[77.535937,68.007666],[77.664844,68.190381],[77.756836,68.222363],[77.868262,68.234717],[77.995117,68.259473],[77.958691,68.377051],[77.906836,68.482275],[77.785254,68.630469],[77.650684,68.903027],[77.466309,68.905127],[77.32832,68.958643],[76.644922,69.117383],[76.000977,69.235059],[75.561133,69.251807],[75.42002,69.238623],[75.053516,69.116309],[74.814844,69.090576],[74.362598,69.14458],[73.977441,69.114648],[73.836035,69.143213],[73.775684,69.198242],[73.890918,69.417969],[73.832715,69.503906],[73.663281,69.61709],[73.560156,69.707227],[73.578125,69.802979],[73.830176,70.175684],[73.937402,70.272852],[74.206738,70.445459],[74.343359,70.578711],[74.310938,70.653613],[73.731543,71.068701],[73.576563,71.216504],[73.507227,71.263525],[73.365234,71.319775],[73.150488,71.385205],[73.08623,71.444922],[73.671777,71.845068],[73.939453,71.914746],[74.31123,71.957813],[74.489063,71.997021],[74.804102,72.077393],[74.992188,72.144824],[75.053223,72.199219],[75.089941,72.263135],[75.09707,72.420654],[75.060352,72.548779],[75.008008,72.619434],[74.896875,72.710107],[74.786816,72.811865],[74.864941,72.838428],[74.942188,72.853809],[75.152441,72.852734],[75.369336,72.796631],[75.474902,72.68501],[75.603516,72.581055],[75.603125,72.512158],[75.591406,72.457227],[75.644336,72.382275],[75.691113,72.35],[75.741406,72.29624],[75.694434,72.253516],[75.644336,72.232324],[75.550195,72.170801],[75.394531,71.983203],[75.273828,71.958936],[75.247461,71.813379],[75.503223,71.654639],[75.468555,71.534375],[75.417188,71.494678],[75.280273,71.430078],[75.298047,71.378467],[75.332031,71.341748],[75.733594,71.265918],[76.110449,71.218555],[76.741992,71.202051],[76.929004,71.127881],[76.995215,71.181055],[77.589648,71.16792],[78.068262,70.986328],[78.320605,70.93042],[78.525781,70.911816],[78.942187,70.933789],[79.01543,70.950195],[79.083887,71.002002],[78.888672,70.997168],[78.803516,70.973535],[78.723926,70.975977],[78.587695,70.993896],[78.491406,71.025391],[78.386523,71.087109],[78.212598,71.266309],[77.908398,71.324072],[77.706641,71.300586],[77.481055,71.311572],[77.113672,71.409375],[76.871191,71.446582],[76.433398,71.55249],[76.312109,71.595459],[76.215723,71.682861],[76.103613,71.829004],[76.032422,71.9104],[76.124023,71.926611],[76.42168,72.006006],[76.871387,72.033008],[77.061328,72.004199],[77.550781,71.84209],[77.777539,71.836426],[78.186914,71.90708],[78.232422,71.952295],[78.14082,72.044678],[78.016406,72.092041],[77.780664,72.114307],[77.492871,72.071729],[77.41084,72.107764],[77.439746,72.156543],[77.471582,72.192139],[77.625293,72.201416],[77.733203,72.229199],[77.968164,72.328711],[78.225391,72.377441],[78.482617,72.394971],[79.42207,72.380762],[79.953906,72.223047],[80.474023,72.153125],[80.699219,72.098291],[80.7625,72.08916],[80.814746,72.054297],[80.856055,71.970215],[81.51123,71.746143],[81.661621,71.715967],[82.079883,71.706836],[82.547266,71.758594],[82.757812,71.764111],[82.986133,71.748682],[83.106641,71.720508],[83.233594,71.668164],[83.165527,71.602197],[83.105664,71.562451],[82.977051,71.451367],[82.917969,71.419922],[82.493164,71.292871],[82.322852,71.26001],[82.276953,71.093457],[82.254297,71.056201],[82.23916,70.997705],[82.316016,70.879443],[82.335938,70.807373],[82.270703,70.706738],[82.163184,70.598145],[82.182422,70.511475],[82.221191,70.395703],[82.23584,70.430273],[82.231445,70.48291],[82.258398,70.543604],[82.45166,70.690088],[82.59248,70.889941],[82.737793,70.94209],[82.869141,70.954834],[83.010156,70.89541],[83.051074,70.815234],[83.058398,70.694727],[83.030176,70.580518],[82.919824,70.407422],[82.74248,70.286475],[82.682324,70.217725],[82.767285,70.154053],[82.856543,70.104541],[82.961035,70.088281],[83.080762,70.093018],[83.10957,70.10957],[83.132031,70.157178],[83.094141,70.221094],[83.073828,70.276709],[83.293457,70.321338],[83.49707,70.345264],[83.659863,70.418359],[83.700488,70.466406],[83.735938,70.546484],[83.65127,70.672217],[83.578906,70.765918],[83.333887,70.988525],[83.15127,71.103613],[83.266016,71.275879],[83.457617,71.467529],[83.531055,71.514258],[83.550488,71.543652],[83.571289,71.594385],[83.553516,71.649805],[83.534375,71.683936],[83.34043,71.827539],[83.200293,71.874707],[82.755078,71.902832],[82.64541,71.925244],[82.319141,72.071826],[82.280664,72.105127],[82.209277,72.211182],[82.183594,72.237549],[82.093652,72.26543],[81.792871,72.326611],[81.58623,72.351709],[81.282715,72.358838],[81.098145,72.389746],[80.827051,72.488281],[80.797754,72.519971],[80.719629,72.6479],[80.65625,72.712012],[80.675391,72.75918],[80.77373,72.860791],[80.841602,72.94917],[80.757422,73.025244],[80.638672,73.04917],[80.509668,73.086084],[80.455469,73.155225],[80.424512,73.231152],[80.418945,73.289648],[80.398047,73.356836],[80.458301,73.413721],[80.595898,73.474023],[80.561914,73.51499],[80.583203,73.568457],[81.468848,73.64043],[81.816992,73.658838],[83.544727,73.666504],[83.666992,73.686475],[84.417383,73.722021],[84.737891,73.762842],[85.077441,73.719531],[85.200586,73.721533],[85.44834,73.734619],[85.611426,73.821582],[85.979297,73.856934],[86.591406,73.894287],[86.892969,73.887109],[86.961328,73.860742],[87.029492,73.82417],[86.697656,73.716846],[86.365918,73.619775],[86.094141,73.57832],[85.827051,73.492773],[85.800488,73.458936],[85.792578,73.43833],[85.802441,73.37168],[85.818164,73.326953],[86.098145,73.272607],[86.30791,73.195752],[86.514355,73.140479],[86.677051,73.106787],[86.715039,73.12583],[86.12168,73.306738],[85.970801,73.34707],[85.910059,73.39043],[85.938965,73.456494],[85.998926,73.48584],[86.092383,73.519141],[86.155078,73.534668],[86.37627,73.568848],[87.120117,73.615039],[87.294434,73.704688],[87.369531,73.755908],[87.571191,73.810742],[87.503223,73.832471],[87.3375,73.846045],[87.209668,73.878662],[86.69707,74.195312],[86.571094,74.24375],[86.177832,74.279395],[86.001367,74.316016],[86.18291,74.423047],[86.395801,74.450098],[86.538477,74.444238],[86.664746,74.414258],[86.897949,74.325342],[87.229688,74.363867],[87.106152,74.403564],[86.894238,74.449707],[86.700098,74.522461],[86.425684,74.585498],[86.116113,74.628564],[85.791016,74.645117],[85.880762,74.740234],[86.058887,74.728223],[86.119531,74.757422],[86.20127,74.816211],[86.651465,74.682422],[86.862891,74.717871],[87.041797,74.778857],[87.419336,74.940918],[87.467578,75.013232],[87.287402,75.052539],[87.140723,75.072266],[86.939063,75.068115],[86.92168,75.112793],[87.005957,75.169824],[87.170801,75.191748],[87.671387,75.12959],[88.503711,75.290479],[88.733105,75.369189],[89.310254,75.470117],[89.595117,75.458252],[90.184961,75.591064],[91.004687,75.649561],[91.479492,75.649658],[91.84541,75.723682],[92.40752,75.749658],[92.602539,75.779102],[93.549805,75.854102],[94.075195,75.912891],[94.156348,75.959229],[93.687012,75.921582],[93.574023,75.956299],[93.475488,75.932861],[93.406055,75.90127],[93.178125,75.958984],[93.116309,75.944629],[93.068652,75.912842],[92.986621,75.902686],[92.89043,75.909961],[92.858594,75.979492],[92.971582,76.075098],[93.104883,76.02583],[93.259277,76.098779],[93.35957,76.100732],[93.648438,76.05415],[93.842871,76.101318],[94.102344,76.123584],[94.388281,76.102783],[94.506738,76.107959],[94.575586,76.151758],[95.038477,76.113525],[95.359277,76.1396],[95.578711,76.137305],[95.919922,76.113135],[96.075488,76.081982],[95.986035,76.009668],[95.65332,75.892188],[95.743848,75.872314],[95.934766,75.926025],[96.508594,76.005566],[96.600586,75.989893],[96.537695,75.921631],[96.49707,75.891211],[96.879199,75.931055],[97.205469,76.018701],[97.350684,76.033398],[97.499219,75.980225],[97.637695,76.029053],[97.669824,76.078027],[97.918359,76.088672],[98.02002,76.133691],[98.194629,76.166406],[98.341992,76.180566],[98.662012,76.242676],[98.771289,76.224023],[98.984668,76.207568],[99.187305,76.177637],[99.562695,76.109326],[99.615625,76.082324],[99.663184,76.078027],[99.77041,76.02876],[99.689258,75.956348],[99.602344,75.852051],[99.442187,75.803174],[99.540723,75.798584],[99.609375,75.811279],[99.7375,75.880664],[99.851367,75.930273],[99.825391,76.135937],[99.616797,76.240186],[99.460645,76.275098],[99.093848,76.384326],[98.969531,76.430811],[98.805664,76.480664],[98.869434,76.50957],[99.57627,76.471436],[99.935742,76.489893],[100.322363,76.47915],[100.84375,76.525195],[101.060742,76.477246],[101.310742,76.478906],[101.597754,76.439209],[101.683789,76.485498],[101.212988,76.535693],[101.002637,76.530518],[100.928027,76.556738],[101.00625,76.615088],[101.099316,76.704004],[101.008203,76.781348],[100.92041,76.82251],[100.905859,76.900684],[100.989941,76.990479],[101.185742,77.028564],[101.292871,77.101562],[101.517676,77.198096],[102.610156,77.508545],[103.131445,77.626465],[103.33125,77.641064],[103.560742,77.631934],[104.014551,77.73042],[104.184863,77.730469],[104.814258,77.6521],[104.965234,77.594727],[105.308984,77.549219],[105.710254,77.525244],[105.894531,77.488867],[105.983398,77.447607],[106.05957,77.390527],[105.73418,77.352002],[105.38457,77.237842],[104.911914,77.174707],[104.323633,77.132666],[104.202441,77.101807],[105.320215,77.092334],[105.645898,77.100684],[105.712012,77.001465],[105.822168,76.99751],[106.14541,77.045312],[106.338672,77.047852],[106.705078,77.01377],[106.783691,77.031787],[106.941602,77.034375],[107.278906,76.990967],[107.429785,76.926563],[107.190234,76.822021],[106.940918,76.730469],[106.63877,76.573389],[106.545508,76.586279],[106.384668,76.589453],[106.413574,76.512256],[106.683203,76.514697],[106.825391,76.480078],[107.157715,76.524072],[107.624219,76.510107],[107.722168,76.522314],[107.902246,76.569678],[107.949902,76.660645],[108.02793,76.718457],[108.181641,76.737842],[108.352051,76.719531],[108.638379,76.720117],[109.369336,76.749219],[109.981152,76.711865],[110.471484,76.758398],[111.114844,76.723047],[111.39248,76.68667],[111.600586,76.622314],[111.786133,76.603564],[111.938672,76.553418],[112.093945,76.480322],[112.016797,76.420557],[111.942676,76.380469],[112.142773,76.423975],[112.29707,76.434668],[112.413281,76.408301],[112.619531,76.383545],[112.68418,76.218848],[112.742578,76.186914],[112.798438,76.129639],[112.721875,76.077197],[112.65625,76.053564],[112.818945,76.058594],[113.04668,76.114111],[113.094043,76.13291],[113.150391,76.174512],[113.066016,76.215234],[112.987988,76.239746],[113.086035,76.258105],[113.272656,76.25166],[113.365527,76.178857],[113.427734,76.112109],[113.563867,75.89165],[113.857227,75.921289],[113.870996,75.856006],[113.74873,75.704785],[113.619922,75.592676],[113.567578,75.568408],[113.485938,75.563965],[113.517188,75.621875],[113.469043,75.656689],[113.391602,75.677881],[113.126367,75.698682],[112.629199,75.8354],[112.49668,75.849902],[112.466113,75.843652],[112.453027,75.830176],[112.72959,75.737646],[112.955664,75.571924],[113.161523,75.620508],[113.242969,75.611426],[113.35625,75.534277],[113.558887,75.502051],[113.726172,75.450635],[113.613574,75.292969],[112.924902,75.015039],[112.191992,74.853174],[111.868262,74.740039],[111.299023,74.658447],[110.892773,74.548096],[110.373535,74.466064],[110.225879,74.378662],[109.840332,74.321973],[109.866406,74.293066],[109.911328,74.261328],[109.863867,74.208887],[109.810254,74.169189],[109.51084,74.088818],[109.075,74.032324],[108.199512,73.694092],[107.76543,73.625],[107.271094,73.621045],[107.166992,73.589404],[106.794238,73.37666],[106.679395,73.330664],[106.188672,73.308008],[105.677148,72.959277],[105.392773,72.841016],[105.143945,72.777051],[105.402734,72.789941],[105.708203,72.83667],[106.066699,72.949854],[106.15957,73.002002],[106.208789,73.060547],[106.315039,73.106396],[106.47793,73.139404],[107.108789,73.177295],[107.36875,73.163135],[107.750391,73.173145],[108.00127,73.235596],[108.150977,73.25791],[108.285352,73.265869],[108.351465,73.310205],[108.575391,73.319043],[109.089941,73.378418],[109.165625,73.399609],[109.331055,73.487451],[109.637109,73.454004],[109.855273,73.472461],[110.428711,73.628906],[110.77334,73.68916],[110.868164,73.730713],[110.799219,73.759766],[110.722363,73.779932],[110.388281,73.726025],[110.091211,73.708545],[109.752734,73.722559],[109.706738,73.74375],[109.665625,73.800244],[109.774121,73.88125],[109.869141,73.930615],[110.083887,73.994385],[110.261426,74.017432],[110.920117,73.9479],[111.05625,73.939355],[111.130859,74.052832],[111.341406,74.047363],[111.550586,74.028516],[111.459961,74.004834],[111.228125,73.968555],[111.299512,73.884863],[111.400391,73.827734],[111.803711,73.745264],[112.147266,73.708936],[112.4,73.711133],[112.79541,73.746094],[112.855957,73.771143],[112.939648,73.835645],[112.835938,73.962061],[112.934961,73.945703],[113.032813,73.913867],[113.181543,73.837402],[113.326855,73.707422],[113.416211,73.647607],[113.364453,73.582764],[113.156934,73.45957],[113.276953,73.391504],[113.490918,73.346094],[113.487598,73.145117],[113.474609,73.047852],[113.369336,72.941895],[113.247363,72.897217],[113.127832,72.830664],[113.158203,72.769482],[113.186133,72.730176],[113.312207,72.657373],[113.664551,72.634521],[113.711914,72.65415],[113.630078,72.6771],[113.391406,72.711035],[113.298145,72.738867],[113.215527,72.805859],[113.311523,72.87832],[113.41748,72.932178],[113.542773,73.054346],[113.581445,73.142236],[113.558887,73.232617],[113.63916,73.273584],[113.765234,73.317969],[113.829297,73.326562],[113.88623,73.345801],[113.795117,73.367432],[113.711328,73.378564],[113.539453,73.433643],[113.510352,73.50498],[113.856934,73.533398],[114.060547,73.584668],[114.816016,73.607178],[115.337695,73.702588],[116.495508,73.676074],[117.308594,73.59917],[118.450195,73.589795],[118.870898,73.537891],[118.91123,73.518359],[118.936426,73.481201],[118.754492,73.464502],[118.457031,73.464404],[118.376563,73.367236],[118.430273,73.246533],[118.960352,73.117285],[119.425293,73.063965],[119.750391,72.979102],[119.92168,72.971338],[120.597949,72.981104],[120.997168,72.936719],[121.354297,72.97085],[121.747852,72.969678],[121.886035,72.960889],[122.029785,72.897217],[122.260156,72.880566],[122.5375,72.877783],[122.69209,72.89082],[122.751953,72.906494],[122.730859,72.931299],[122.501953,72.970654],[122.526758,73.016699],[122.615234,73.02793],[122.999316,72.964648],[123.160352,72.954883],[123.301172,73.001807],[123.40459,73.085645],[123.461621,73.144189],[123.521875,73.1729],[123.572461,73.177344],[123.622266,73.193262],[123.500977,73.261621],[123.383887,73.347314],[123.355273,73.40249],[123.322656,73.430811],[123.305078,73.53291],[123.416211,73.636865],[123.491113,73.666357],[123.796875,73.626758],[123.933887,73.689307],[124.019043,73.712305],[124.388086,73.754834],[124.541211,73.75127],[124.796289,73.711768],[125.61709,73.520605],[125.598535,73.447412],[125.794434,73.468457],[125.887891,73.498096],[126.107422,73.51748],[126.254492,73.548193],[126.295996,73.53667],[126.344922,73.506299],[126.308887,73.463672],[126.257422,73.419775],[126.29248,73.394189],[126.335449,73.38877],[126.552539,73.334912],[126.838477,73.43418],[126.955176,73.528223],[127.031348,73.547461],[127.740332,73.481543],[127.955078,73.445557],[127.996875,73.425635],[128.025684,73.390771],[128.141699,73.352393],[128.281445,73.330566],[128.26416,73.300732],[128.257812,73.26748],[128.587012,73.262402],[128.730469,73.233398],[128.888672,73.190234],[128.87168,73.139355],[128.913379,73.110596],[129.05918,73.10752],[129.100586,73.112354],[129.053711,73.04541],[128.853516,72.972607],[128.735254,72.943262],[128.599023,72.895166],[128.674023,72.885889],[129.017285,72.872461],[129.229102,72.775732],[129.250391,72.705176],[129.117578,72.676953],[128.815332,72.585889],[128.633398,72.550146],[128.508496,72.547314],[128.418262,72.535156],[128.549414,72.49585],[129.116602,72.485742],[129.281348,72.437695],[129.411719,72.315479],[129.410645,72.166309],[129.283496,72.092041],[128.934961,72.079492],[128.475195,72.245557],[128.196973,72.309619],[127.803418,72.434033],[127.726074,72.413184],[127.841406,72.308252],[128.026563,72.25],[128.358789,72.08833],[128.911426,71.755322],[129.040137,71.782422],[129.116602,71.824609],[129.154199,71.878662],[129.121582,71.953223],[129.210254,71.916943],[129.291797,71.850195],[129.46084,71.739307],[129.23418,71.744824],[128.949023,71.707568],[128.843262,71.663477],[128.922656,71.601758],[129.134277,71.592871],[129.224512,71.508838],[129.389844,71.404883],[129.761914,71.119531],[130.025977,71.065381],[130.28125,70.947314],[130.537109,70.892529],[130.668457,70.88833],[130.757129,70.962354],[130.831934,70.935889],[130.898047,70.803564],[131.021582,70.746094],[131.157422,70.742188],[131.268262,70.765527],[131.432324,70.828271],[131.562012,70.901025],[131.769043,71.101416],[131.906445,71.202637],[132.035352,71.244043],[131.99082,71.293213],[132.003711,71.350195],[132.098828,71.483984],[132.227637,71.642773],[132.325781,71.726221],[132.562305,71.895313],[132.653906,71.925977],[132.71582,71.871484],[132.768555,71.79873],[132.803613,71.767578],[132.839258,71.755176],[133.130859,71.606689],[133.426172,71.490967],[133.688867,71.434229],[134.102832,71.378955],[134.702734,71.386816],[134.813867,71.460596],[135.022363,71.515039],[135.359375,71.543506],[135.55918,71.610352],[135.884766,71.630566],[136.090332,71.61958],[136.406152,71.570752],[137.11582,71.415674],[137.31543,71.359424],[137.41748,71.299023],[137.650586,71.208154],[137.797852,71.163916],[137.939648,71.133398],[137.991699,71.142725],[137.97373,71.168652],[137.901953,71.194043],[137.844043,71.226807],[138.012695,71.26084],[138.03252,71.28584],[138.090625,71.307422],[138.314063,71.325537],[138.097168,71.358594],[138.022168,71.363428],[137.918359,71.384082],[137.927344,71.429785],[137.995703,71.463525],[138.04834,71.525977],[138.118457,71.566162],[138.23418,71.596338],[138.318066,71.602832],[138.525195,71.562744],[138.67002,71.634814],[138.780176,71.629004],[139.004883,71.556055],[139.209375,71.444775],[139.320215,71.444727],[139.632129,71.489258],[139.98418,71.491504],[139.93877,71.557666],[139.695117,71.700439],[139.722949,71.884961],[139.552344,71.926709],[139.359277,71.951367],[139.640234,71.99834],[139.84707,72.148584],[140.014063,72.162109],[140.187695,72.191309],[140.134375,72.209619],[139.616992,72.225684],[139.505273,72.207666],[139.430469,72.163477],[139.176367,72.163477],[139.14502,72.264404],[139.14082,72.329736],[139.473633,72.466504],[139.601172,72.496094],[140.450586,72.493115],[140.705078,72.518945],[141.079297,72.586914],[140.983203,72.630029],[140.972852,72.716992],[140.652344,72.842822],[140.675977,72.871631],[140.708105,72.890039],[140.808203,72.890967],[141.309766,72.857715],[141.518359,72.788672],[142.061426,72.720801],[143.51582,72.698242],[143.680957,72.673193],[144.303906,72.643018],[144.568652,72.609912],[145.199316,72.570215],[145.485742,72.54209],[145.71416,72.497363],[146.083301,72.471387],[146.25293,72.442236],[146.234766,72.349707],[145.46709,72.362061],[145.212891,72.392676],[144.897461,72.39624],[144.776367,72.382275],[144.587598,72.305518],[144.360938,72.265332],[144.169238,72.258789],[144.294922,72.192627],[144.470703,72.174756],[145.03916,72.259863],[146.594141,72.302441],[146.831836,72.29541],[146.807031,72.236572],[146.599219,72.123535],[146.40166,72.035498],[146.113281,71.944971],[146.005859,71.945459],[146.230273,72.1375],[146.137305,72.146484],[146.051465,72.142285],[145.799414,72.221875],[145.758594,72.225879],[145.709668,72.206348],[145.710156,72.177588],[145.664062,72.066992],[145.756738,72.020654],[145.756738,71.941309],[145.407227,71.890137],[145.271191,71.894629],[145.125781,71.927148],[145.063965,71.926074],[145.046875,71.901025],[145.077734,71.854639],[145.07373,71.830859],[145.017871,71.793701],[144.989648,71.753369],[145.075586,71.707373],[145.188574,71.695801],[145.804785,71.746484],[146.073242,71.80835],[146.367969,71.92207],[146.894727,72.19751],[147.127051,72.292041],[147.261816,72.327881],[147.433984,72.340918],[148.402051,72.311963],[148.964844,72.252344],[149.501563,72.164307],[149.766211,72.09126],[149.963086,71.992188],[149.998145,71.950488],[150.016895,71.895654],[149.881055,71.843018],[149.279688,71.825537],[149.04873,71.795752],[148.965332,71.762793],[148.954883,71.744141],[148.92334,71.714648],[148.968164,71.690479],[149.237891,71.687939],[149.498047,71.664014],[149.857129,71.601465],[149.912695,71.580713],[150.026465,71.521338],[150.06084,71.51084],[150.599805,71.520117],[150.634863,71.498877],[150.667773,71.455225],[150.525098,71.38584],[150.384766,71.338818],[150.097656,71.226562],[150.242969,71.267188],[150.82168,71.362891],[150.967773,71.380469],[151.145313,71.37373],[151.582422,71.286963],[151.759766,71.217822],[152.092773,71.023291],[151.999805,71.00249],[151.762012,70.982471],[152.508789,70.834473],[152.79834,70.835645],[153.460645,70.878613],[153.794141,70.87998],[154.413965,70.974463],[155.029492,71.034229],[155.595898,71.038623],[155.895215,71.095508],[156.68457,71.09375],[157.447363,71.074512],[158.037012,71.039258],[158.702148,70.93501],[159.350684,70.790723],[159.72793,70.649658],[159.804688,70.604932],[159.911816,70.506104],[159.958594,70.423633],[160.006445,70.309668],[159.983398,70.221387],[159.889648,70.158789],[159.831445,70.081445],[159.83916,69.98999],[159.729395,69.870215],[159.83252,69.784961],[160.119141,69.729785],[160.739453,69.655176],[160.910742,69.606348],[160.928906,69.458545],[160.982031,69.334473],[161.035547,69.098193],[161.14082,69.038867],[161.309863,68.982275],[161.340625,68.905176],[161.129004,68.653857],[160.99668,68.60752],[160.856055,68.53833],[161.104492,68.5625],[161.230176,68.653906],[161.365137,68.822998],[161.495313,68.849854],[161.565625,68.905176],[161.565625,69.063965],[161.480078,69.201709],[161.480078,69.300098],[161.536914,69.379541],[161.945117,69.545117],[162.166016,69.611572],[162.375684,69.649072],[162.944629,69.682764],[163.201367,69.714746],[163.498047,69.693262],[163.705273,69.701807],[163.945996,69.735156],[164.15957,69.719287],[164.513281,69.609131],[165.760742,69.584424],[165.980469,69.545996],[166.820312,69.499561],[166.884375,69.499902],[167.073145,69.554443],[167.628125,69.740332],[167.856836,69.728223],[167.950098,69.69917],[168.047656,69.625635],[168.15,69.577393],[168.22998,69.447021],[168.303027,69.271484],[168.423047,69.239502],[168.587598,69.228369],[168.946191,69.16333],[169.310645,69.079541],[169.414648,68.919629],[169.609863,68.786035],[170.065625,68.798682],[170.537598,68.825391],[170.99541,69.045312],[170.99668,69.134717],[170.883789,69.263623],[170.71416,69.388232],[170.582227,69.58335],[170.160938,69.626563],[170.201172,69.683203],[170.35957,69.750977],[170.503125,69.856543],[170.525391,69.937891],[170.486816,70.107568],[170.867969,70.096045],[171.24668,70.076123],[171.970508,70.000342],[172.55957,69.968359],[172.869238,69.919775],[173.056348,69.864941],[173.277441,69.823828],[173.35332,69.924023],[173.438672,69.946826],[173.733398,69.891113],[173.948047,69.874121],[174.319434,69.881641],[174.785547,69.855664],[175.295605,69.860059],[175.751172,69.90415],[175.921484,69.895313],[176.10752,69.860303],[176.410449,69.768506],[176.924414,69.645996],[177.394531,69.611621],[177.933691,69.495605],[178.442773,69.452979],[178.84834,69.387207],[178.906934,69.362109],[178.925,69.325977],[178.950684,69.295801],[179.272656,69.259668],[179.868262,69.012695],[180,68.983447],[180,65.067236],[179.827344,65.03418],[179.651367,64.920947],[179.448242,64.822021],[179.15,64.781592],[178.698438,64.631104],[178.519531,64.602979],[178.285352,64.672266],[177.748633,64.717041],[177.581641,64.777881],[177.337012,64.931348],[177.251855,64.953613],[177.179199,65.014111],[176.880859,65.081934],[176.624805,65.037598],[176.413086,65.07124],[176.341016,65.047314],[176.452148,65.025244],[176.645508,65.007178],[176.940039,65.016016],[177.037305,64.999658],[177.123438,64.947021],[177.222852,64.86167],[177.148242,64.804834],[177.06875,64.78667],[176.831055,64.849219],[176.556641,64.83999],[176.429492,64.855176],[176.061133,64.960889],[175.781152,64.844043],[175.396484,64.783691],[175.097754,64.776855],[174.548828,64.683887],[174.698633,64.681445],[175.09707,64.746631],[175.330664,64.746631],[175.67793,64.782471],[175.858594,64.825293],[175.945898,64.865186],[176.056543,64.904736],[176.169238,64.884766],[176.246973,64.843018],[176.300879,64.783838],[176.350977,64.705127],[176.283203,64.663818],[176.219434,64.641943],[176.140918,64.58584],[176.507617,64.682422],[176.730957,64.624854],[176.842871,64.633789],[177.049805,64.719238],[177.3875,64.774023],[177.427441,64.763379],[177.467188,64.736816],[177.409863,64.572803],[177.43291,64.444482],[177.6875,64.304736],[177.95332,64.222266],[178.044727,64.21958],[178.130566,64.235254],[178.163965,64.309082],[178.229492,64.364404],[178.312988,64.314404],[178.381445,64.260889],[178.477148,64.127881],[178.474805,64.089014],[178.451367,64.011377],[178.536035,63.975635],[178.650293,63.965283],[178.69248,63.842334],[178.731445,63.66709],[178.681348,63.650732],[178.625977,63.650732],[178.44043,63.605566],[178.466113,63.574072],[178.653711,63.556641],[178.706445,63.521533],[178.668848,63.439941],[178.678711,63.402295],[178.744043,63.394775],[178.786719,63.442432],[178.775391,63.510254],[178.792969,63.540332],[178.918555,63.400244],[178.921484,63.34502],[179.028125,63.282422],[179.332324,63.190186],[179.388574,63.147217],[179.405078,63.077734],[179.329004,63.05791],[179.25957,63.008301],[179.302148,62.939844],[179.381055,62.883691],[179.510938,62.862793],[179.570508,62.773486],[179.570508,62.6875],[179.477246,62.613086],[179.288672,62.510352],[179.176953,62.469189],[179.133887,62.396436],[179.120703,62.320361],[179.044629,62.323682],[178.963867,62.355273],[178.019238,62.546973],[177.663086,62.582813],[177.35127,62.587451],[177.292578,62.599023],[177.295898,62.644482],[177.31582,62.685254],[177.359668,62.736963],[177.338965,62.781348],[177.29834,62.784229],[177.258691,62.750439],[177.172656,62.750342],[177.091211,62.789551],[177.023535,62.777246],[176.990039,62.722217],[176.963477,62.693262],[176.964746,62.658643],[177.008008,62.626562],[177.189648,62.591602],[177.159473,62.560986],[176.907422,62.536084],[176.702539,62.505762],[176.436523,62.41084],[176.328418,62.346045],[175.613867,62.184375],[175.441992,62.12793],[175.36582,62.121338],[175.267871,62.102393],[175.192383,62.034424],[174.797559,61.938867],[174.715039,61.9479],[174.610547,61.867627],[174.514355,61.823633],[174.284961,61.817529],[174.138867,61.795166],[173.822363,61.679395],[173.623438,61.716064],[173.390723,61.556738],[173.131836,61.406641],[173.05459,61.406201],[172.856543,61.469189],[172.806836,61.436133],[172.837891,61.375586],[172.908008,61.311621],[172.867773,61.293066],[172.789062,61.310693],[172.730664,61.314404],[172.690039,61.295166],[172.696973,61.249316],[172.584766,61.19043],[172.49707,61.185889],[172.396094,61.167383],[172.362402,61.116602],[172.392773,61.061768],[172.213281,60.997852],[172.067285,60.915674],[171.997656,60.900684],[171.917969,60.864111],[171.830566,60.837354],[171.729492,60.843115],[171.489746,60.725732],[170.949316,60.522949],[170.799316,60.496484],[170.608203,60.434912],[170.589746,60.393701],[170.588574,60.342871],[170.512305,60.259521],[170.423438,60.047803],[170.396484,60.009766],[170.350977,59.965527],[170.154102,59.986084],[169.982617,60.06709],[169.927246,60.104248],[169.897559,60.147852],[169.887012,60.21792],[169.854297,60.250244],[169.814746,60.265381],[169.618359,60.438037],[169.275684,60.556641],[169.226758,60.595947],[168.788281,60.563818],[168.670313,60.562891],[168.462793,60.592236],[168.1375,60.573926],[167.745996,60.509326],[167.626074,60.468945],[167.226758,60.406299],[166.964063,60.307031],[166.452539,59.947021],[166.331836,59.872412],[166.273047,59.85625],[166.186523,59.849463],[166.148926,59.92207],[166.136035,59.979346],[166.168359,60.088818],[166.229785,60.17832],[166.29248,60.346094],[166.308105,60.414258],[166.352148,60.484814],[166.180176,60.480371],[165.941992,60.356885],[165.583008,60.236475],[165.41582,60.205176],[165.285254,60.134912],[165.192578,60.124756],[165.08457,60.098584],[165.073633,59.945605],[165.018945,59.860742],[164.953711,59.843604],[164.854297,59.840967],[164.779395,59.874219],[164.669727,59.997461],[164.525293,60.061279],[164.440039,60.072705],[164.376855,60.058057],[164.251563,59.973779],[164.113281,59.897559],[164.135059,59.984375],[164.017578,60.017334],[163.912891,60.037061],[163.780078,60.041113],[163.743848,60.028027],[163.690039,59.978418],[163.574316,59.914062],[163.49375,59.886768],[163.409961,59.834961],[163.364844,59.781445],[163.321191,59.70542],[163.269043,59.52002],[163.272852,59.302588],[163.084863,59.131396],[163.010156,59.148291],[162.974902,59.137061],[162.940039,59.114307],[163.004297,59.020166],[162.969824,58.986475],[162.93457,58.963965],[162.847266,58.939258],[162.643359,58.799902],[162.453027,58.708594],[162.141602,58.447412],[162.049219,58.272852],[161.960059,58.076904],[162.001953,57.980957],[162.039648,57.918262],[162.097949,57.874658],[162.197461,57.82915],[162.411426,57.778369],[162.392188,57.74502],[162.391406,57.717236],[162.466992,57.766211],[162.521973,57.904102],[162.654297,57.948242],[162.718359,57.946094],[163.14502,57.837305],[163.225781,57.790381],[163.213867,57.686816],[163.187891,57.637402],[163.108789,57.564844],[162.957031,57.47749],[162.779297,57.357617],[162.762305,57.284082],[162.761523,57.243945],[162.808105,57.102783],[162.814844,57.023389],[162.791113,56.875391],[162.802637,56.811475],[162.849902,56.756836],[162.92207,56.722656],[163.046387,56.741309],[163.16543,56.725488],[163.256543,56.688037],[163.243262,56.564551],[163.294043,56.447705],[163.335547,56.23252],[163.261328,56.17373],[163.189258,56.137012],[163.047363,56.044678],[162.97168,56.033789],[162.840332,56.065625],[162.628125,56.232275],[162.713184,56.330859],[162.893262,56.399463],[162.975195,56.449023],[163.038379,56.521875],[162.944141,56.508057],[162.877637,56.476367],[162.671484,56.490088],[162.589063,56.454932],[162.488672,56.399121],[162.528223,56.260693],[162.461133,56.235498],[162.334082,56.187744],[162.146094,56.128271],[162.084961,56.089648],[161.924023,55.840381],[161.775586,55.654834],[161.723926,55.496143],[161.729395,55.358008],[161.784961,55.205322],[161.824219,55.138916],[161.996094,54.997998],[162.080273,54.886133],[162.105566,54.752148],[161.966895,54.688672],[161.725684,54.532959],[161.624805,54.51626],[161.294043,54.520557],[161.129883,54.598242],[160.935547,54.578369],[160.772656,54.541357],[160.517188,54.430859],[160.288867,54.288232],[160.074414,54.18916],[160.010156,54.130859],[159.921777,54.008398],[159.84375,53.783643],[159.870898,53.672656],[159.914258,53.62085],[159.955859,53.552197],[159.899121,53.447705],[159.897656,53.380762],[160.002148,53.274902],[160.025098,53.12959],[159.947461,53.125098],[159.771582,53.229687],[159.585938,53.237695],[159.136133,53.117139],[158.952051,53.047559],[158.74541,52.908936],[158.683691,52.9354],[158.639551,53.014795],[158.564648,53.05],[158.47207,53.032373],[158.432324,52.957422],[158.560156,52.922168],[158.608789,52.873633],[158.533691,52.688428],[158.480762,52.62666],[158.500391,52.460303],[158.493164,52.383154],[158.463477,52.30498],[158.331641,52.090869],[158.103516,51.809619],[157.823242,51.605322],[157.628906,51.53457],[157.530957,51.479883],[157.489844,51.408936],[157.202246,51.212744],[156.847461,51.006592],[156.747754,50.969287],[156.724316,51.04707],[156.713477,51.124121],[156.670801,51.226855],[156.543457,51.311621],[156.521191,51.380273],[156.500391,51.475098],[156.489844,51.913037],[156.377344,52.366553],[156.364746,52.509375],[156.228613,52.62627],[156.154395,52.747266],[156.110352,52.866162],[156.098828,53.006494],[155.950195,53.744287],[155.904883,53.928125],[155.706445,54.521484],[155.620313,54.864551],[155.563867,55.199121],[155.554883,55.348486],[155.643457,55.793555],[155.716602,56.072217],[155.98252,56.695215],[156.025391,56.752002],[156.06748,56.781592],[156.529297,57.021191],[156.728418,57.152246],[156.848828,57.290186],[156.976758,57.466309],[156.963574,57.560938],[156.948242,57.615771],[156.899902,57.676904],[156.791602,57.747949],[156.829883,57.779639],[156.871973,57.803662],[156.985742,57.830176],[157.216797,57.776807],[157.450391,57.799268],[157.666406,58.019775],[157.974609,57.985937],[158.210449,58.025293],[158.275195,58.008984],[158.321094,58.083447],[158.449414,58.162842],[158.687012,58.281348],[159.036914,58.423926],[159.210645,58.519434],[159.308398,58.610547],[159.452637,58.695947],[159.591504,58.803662],[159.847363,59.127148],[160.350391,59.394043],[160.547461,59.547363],[160.711426,59.60166],[160.855273,59.626855],[161.218945,59.845605],[161.449316,60.027344],[161.753516,60.152295],[161.845996,60.232227],[162.003613,60.420166],[162.068164,60.466406],[162.266309,60.536719],[162.713184,60.659473],[162.973145,60.78291],[163.352344,60.800439],[163.466406,60.849756],[163.585156,60.877148],[163.709961,60.916797],[163.553516,61.025635],[163.589258,61.084375],[163.619629,61.111328],[163.893359,61.240479],[164.005469,61.343799],[163.99209,61.388232],[163.972754,61.419873],[163.804395,61.461377],[163.837109,61.558252],[163.882715,61.640137],[164.019531,61.710693],[164.067969,61.873877],[164.074219,62.04502],[164.207227,62.292236],[164.2875,62.346631],[164.59834,62.470557],[164.670703,62.473779],[164.887695,62.431885],[165.124121,62.411523],[165.208105,62.373975],[165.225684,62.405762],[165.213867,62.448193],[165.280371,62.462988],[165.417383,62.44707],[165.396582,62.493896],[165.044043,62.516992],[164.792383,62.571094],[164.566992,62.675488],[164.418359,62.704639],[164.255664,62.696582],[163.331738,62.550928],[163.287109,62.511426],[163.244238,62.455371],[163.302148,62.372998],[163.258008,62.336914],[163.213281,62.313428],[163.163477,62.25957],[163.118457,62.15293],[163.131055,62.049902],[163.017676,61.891064],[163.009277,61.791504],[163.207617,61.736572],[163.257812,61.699463],[163.197852,61.644775],[163.138867,61.611426],[163.085254,61.570557],[163.047266,61.554053],[162.993945,61.544189],[162.92168,61.597705],[162.855957,61.705029],[162.752344,61.711279],[162.717871,61.695117],[162.699023,61.652588],[162.607617,61.650049],[162.506445,61.670117],[162.392578,61.662109],[162.188379,61.540674],[161.037109,60.962891],[160.915039,60.892676],[160.766602,60.75332],[160.482031,60.739844],[160.368164,60.708545],[160.287305,60.667041],[160.173633,60.638428],[160.177344,60.690723],[160.201074,60.729639],[160.225781,60.831543],[160.378906,61.025488],[160.28125,61.044775],[160.184277,61.047656],[160.004004,61.007422],[159.883105,60.943408],[159.79043,60.956641],[159.83457,61.013965],[159.949219,61.128613],[159.913965,61.234473],[159.883105,61.291797],[159.930859,61.323926],[160.162695,61.5375],[160.246875,61.647607],[160.317383,61.793359],[160.321484,61.838574],[160.309375,61.894385],[160.237793,61.903857],[160.18252,61.902832],[159.722168,61.758398],[159.552344,61.719482],[159.496289,61.781445],[159.423047,61.808057],[159.29502,61.91416],[159.189258,61.929395],[159.07666,61.922266],[158.824316,61.850244],[158.547168,61.810889],[158.333691,61.825684],[158.151563,61.764844],[158.070117,61.753613],[157.799316,61.795264],[157.469336,61.798926],[157.370703,61.74707],[157.08418,61.675684],[156.891797,61.565186],[156.790625,61.529639],[156.680273,61.480615],[156.629688,61.272461],[156.482617,61.206006],[156.344141,61.155078],[156.055957,60.995605],[155.85332,60.777148],[155.716113,60.682373],[155.427832,60.549854],[154.970801,60.37666],[154.578223,60.09502],[154.440723,59.883789],[154.389844,59.876758],[154.293066,59.83335],[154.266602,59.730371],[154.268848,59.658398],[154.20918,59.600342],[154.149805,59.528516],[154.212891,59.483398],[154.272168,59.475146],[154.357617,59.481445],[154.58252,59.540088],[154.971289,59.449609],[155.166699,59.360156],[155.153027,59.270215],[155.160449,59.190137],[155.016699,59.195605],[154.82373,59.187549],[154.703516,59.141309],[154.458008,59.216553],[154.375977,59.187842],[154.24668,59.108594],[154.010938,59.075537],[153.891699,59.11416],[153.695215,59.224756],[153.361133,59.214795],[153.272949,59.091309],[153.196094,59.094434],[153.077734,59.081885],[152.882227,58.939062],[152.817871,58.92627],[152.575586,58.954102],[152.400684,59.026416],[152.319629,59.030762],[152.165234,58.997021],[152.087891,58.910449],[151.70459,58.866699],[151.326758,58.875098],[151.121094,59.08252],[151.50498,59.164014],[151.733496,59.14668],[151.990039,59.160059],[152.260645,59.223584],[152.169531,59.27793],[152.104492,59.290576],[151.942383,59.284082],[151.798047,59.323242],[151.485742,59.524121],[151.348242,59.561133],[151.170313,59.583252],[151.033594,59.585645],[150.98252,59.571338],[150.911914,59.523047],[150.863281,59.475439],[150.823438,59.460742],[150.729492,59.469141],[150.615234,59.506543],[150.483594,59.494385],[150.539844,59.524951],[150.667285,59.556348],[150.457227,59.590723],[150.325586,59.638867],[150.202539,59.65127],[149.642578,59.77041],[149.424512,59.760986],[149.29043,59.728467],[149.065234,59.630518],[149.127734,59.558789],[149.175391,59.526758],[149.20498,59.488184],[149.133008,59.480518],[148.925,59.475],[148.79707,59.532324],[148.708887,59.448535],[148.744141,59.373535],[148.889648,59.4],[148.964648,59.369141],[148.914062,59.282715],[148.72666,59.25791],[148.491211,59.262305],[148.257422,59.414209],[147.874609,59.388037],[147.687891,59.290674],[147.514453,59.268555],[147.040039,59.365723],[146.803711,59.372949],[146.537207,59.456982],[146.444336,59.430469],[146.273438,59.221484],[146.049512,59.170557],[145.931641,59.198389],[145.829102,59.330322],[145.756445,59.37373],[145.55459,59.413525],[144.483398,59.37627],[144.123438,59.408301],[143.86875,59.411377],[143.523828,59.343652],[143.192188,59.370117],[142.580273,59.240137],[142.330371,59.152637],[142.025391,58.999658],[141.754688,58.745264],[141.60293,58.649023],[141.34707,58.528076],[140.987695,58.416846],[140.790234,58.303467],[140.684961,58.212158],[140.495117,57.86543],[140.446875,57.813672],[140.002344,57.6875],[139.861523,57.549316],[139.80332,57.51416],[139.619238,57.455713],[139.506641,57.358301],[139.443848,57.329687],[139.181641,57.261523],[138.965723,57.088135],[138.662109,56.965527],[138.217773,56.629004],[138.180078,56.588525],[138.140625,56.498682],[138.073828,56.433105],[137.691504,56.139355],[137.572949,56.112109],[137.384082,55.974756],[137.189844,55.892285],[137.012109,55.795264],[136.793555,55.694189],[136.460254,55.576709],[136.351172,55.51001],[136.175195,55.352246],[135.750781,55.160645],[135.540625,55.11377],[135.2625,54.943311],[135.234766,54.903223],[135.211523,54.84082],[135.257715,54.731494],[135.325391,54.707422],[135.437793,54.69248],[135.851562,54.583936],[136.237988,54.614062],[136.580273,54.613623],[136.714551,54.624316],[136.797266,54.620996],[136.82373,54.561475],[136.82041,54.452344],[136.77041,54.35332],[136.729395,54.060645],[136.683008,53.931299],[136.718848,53.804102],[136.802637,53.781982],[136.886426,53.839355],[137.01875,53.848145],[137.155371,53.82168],[137.258008,54.025244],[137.172461,54.056885],[137.096191,54.128564],[137.141602,54.182227],[137.377734,54.282324],[137.525098,54.291211],[137.666016,54.283301],[137.513184,54.156396],[137.45127,54.130469],[137.403418,54.123535],[137.339258,54.100537],[137.476465,54.027588],[137.622754,53.970459],[137.834766,53.946729],[137.786133,53.90332],[137.644824,53.86582],[137.516992,53.70708],[137.313672,53.631592],[137.221484,53.579199],[137.253711,53.546143],[137.32832,53.538965],[137.738184,53.560303],[137.950488,53.603564],[138.25293,53.726416],[138.378906,53.909277],[138.493555,53.959668],[138.52793,53.959863],[138.568164,53.947168],[138.569141,53.818799],[138.407031,53.67417],[138.292188,53.592432],[138.249707,53.524023],[138.320312,53.5229],[138.450684,53.537012],[138.510938,53.57002],[138.660742,53.744775],[138.699414,53.869727],[138.72168,54.04375],[138.704688,54.147656],[138.715918,54.222656],[138.657227,54.29834],[138.695703,54.32002],[139.105078,54.217822],[139.319727,54.192969],[139.707422,54.277148],[139.795508,54.256445],[139.858398,54.205322],[140.178711,54.051562],[140.241699,54.001025],[140.34707,53.812598],[140.687598,53.596436],[141.005664,53.49458],[141.015039,53.454248],[141.217676,53.334473],[141.37373,53.292773],[141.402051,53.183984],[141.32793,53.097266],[141.18125,53.015283],[140.887305,53.091504],[140.839648,53.087891],[140.874512,53.039844],[141.086816,52.897559],[141.255859,52.840137],[141.265918,52.652588],[141.24502,52.550146],[141.132422,52.435693],[141.169824,52.368408],[141.329688,52.271143],[141.409082,52.234326],[141.485254,52.178516],[141.385547,52.057227],[141.366895,51.920654],[141.258398,51.860693],[141.129395,51.727783],[140.932617,51.619922],[140.838574,51.41416],[140.687695,51.232275],[140.670703,51.051318],[140.645605,50.986768],[140.520898,50.800195],[140.476367,50.545996],[140.535449,50.130762],[140.564063,50.106689],[140.624512,50.082422],[140.613281,50.053711],[140.58457,50.03335],[140.462695,49.911475],[140.464551,49.825586],[140.511328,49.76167],[140.517188,49.596143],[140.431055,49.331494],[140.399121,49.289795],[140.364355,49.22085],[140.348633,49.15918],[140.325586,49.12002],[140.308984,49.053906],[140.333691,48.994824],[140.37832,48.964111],[140.224219,48.772852],[140.170605,48.523682],[140.113281,48.422656],[139.998438,48.323779],[139.760742,48.180566],[139.67627,48.089893],[139.520508,47.975293],[139.372656,47.887354],[139.166992,47.634863],[139.001367,47.383301],[138.586816,47.057227],[138.529688,46.976221],[138.500488,46.889844],[138.391797,46.745068],[138.336914,46.543408],[138.210156,46.462939],[138.106348,46.250732],[137.769141,45.928516],[137.685449,45.818359],[137.425195,45.63999],[137.146973,45.393506],[136.803516,45.171143],[136.737207,45.080029],[136.604102,44.978174],[136.460449,44.822119],[136.251172,44.666797],[136.208691,44.562012],[136.142285,44.489111],[135.987012,44.439844],[135.874609,44.373535],[135.533203,43.971484],[135.489063,43.898828],[135.483398,43.83501],[135.260156,43.684619],[135.131055,43.525732],[134.916992,43.426562],[134.691797,43.290576],[134.156445,43.042139],[134.010449,42.947461],[133.709375,42.829932],[133.586719,42.828223],[133.329492,42.763867],[133.159961,42.696973],[133.059375,42.722803],[132.996582,42.808008],[132.923926,42.805273],[132.863574,42.79375],[132.708984,42.87583],[132.576465,42.871582],[132.481348,42.909766],[132.303809,42.883301],[132.334375,43.238672],[132.30957,43.313525],[132.233203,43.245068],[132.028711,43.118945],[131.947266,43.09541],[131.866602,43.095166],[131.89834,43.170752],[132.013086,43.280029],[131.97627,43.296045],[131.938965,43.301953],[131.794727,43.255273],[131.72207,43.202637],[131.516406,42.996436],[131.393262,42.822314],[131.29248,42.772119],[131.245313,42.697412],[131.158301,42.626025],[131.024805,42.645166],[130.945703,42.633936],[130.756152,42.673291],[130.709375,42.656396],[130.83418,42.522949],[130.729883,42.325781],[130.687305,42.302539]]],[[[47.441992,80.853662],[47.899512,80.812695],[48.243262,80.823486],[48.345215,80.818994],[48.445703,80.806006],[48.547363,80.779053],[48.686523,80.717773],[48.683594,80.633252],[48.625488,80.629297],[48.044336,80.668164],[47.777344,80.75625],[47.705273,80.765186],[47.600098,80.741943],[47.512305,80.687939],[47.41416,80.674512],[47.303906,80.606201],[47.198242,80.614941],[47.144922,80.609033],[47.011035,80.562109],[46.677539,80.561328],[46.623926,80.540674],[46.513672,80.475537],[46.378125,80.456787],[46.141406,80.446729],[46.059863,80.483789],[46.023633,80.540869],[45.969043,80.569482],[45.64082,80.536963],[45.389258,80.560303],[45.149219,80.59873],[44.90498,80.611279],[45.124512,80.652246],[46.327441,80.735156],[46.799121,80.755225],[47.020605,80.814404],[47.352344,80.85293],[47.441992,80.853662]]],[[[50.278125,80.927246],[50.431445,80.910889],[50.801074,80.91416],[50.917676,80.89043],[51.454785,80.744678],[51.591016,80.740771],[51.703613,80.687646],[51.146191,80.603955],[50.96084,80.540479],[50.279688,80.527344],[49.845996,80.497656],[49.749805,80.47207],[49.794141,80.425342],[49.585938,80.376563],[48.896094,80.369189],[48.811035,80.353711],[48.677051,80.300049],[48.688965,80.290283],[48.921973,80.276807],[48.95957,80.265674],[48.99082,80.242383],[49.010742,80.207422],[48.977539,80.162598],[48.891895,80.155322],[48.797363,80.161133],[48.581738,80.195361],[48.55459,80.183301],[48.532617,80.158252],[48.466797,80.110107],[48.38623,80.095801],[48.167188,80.132764],[48.095898,80.122314],[48.025781,80.099463],[47.939941,80.088623],[47.737305,80.081689],[47.632422,80.111963],[47.723145,80.151367],[47.977539,80.212549],[47.892969,80.239258],[47.642383,80.245312],[47.444336,80.230127],[47.343066,80.188525],[47.248633,80.180225],[46.991016,80.182764],[46.845898,80.237207],[46.738184,80.257666],[46.644434,80.300342],[47.40293,80.444775],[47.656055,80.500537],[47.895801,80.529053],[48.208203,80.543896],[48.306152,80.561572],[48.402637,80.568799],[48.464746,80.558057],[48.625098,80.508301],[49.087793,80.515771],[49.185254,80.558643],[49.192676,80.656006],[49.147461,80.712109],[49.244336,80.821387],[49.507812,80.865332],[50.124316,80.923877],[50.278125,80.927246]]],[[[67.765332,76.237598],[67.365234,76.161279],[67.126953,76.108154],[66.893164,76.072266],[66.657422,76.047021],[66.282422,75.983691],[65.619141,75.904639],[65.201563,75.839453],[64.744531,75.788232],[64.262598,75.719678],[63.779297,75.672607],[63.659473,75.66875],[63.316699,75.603076],[63.045996,75.575732],[62.066113,75.427734],[61.616211,75.319629],[61.486523,75.31084],[61.355957,75.314844],[61.248828,75.281006],[61.147266,75.222559],[60.935645,75.163672],[60.829199,75.11084],[60.719238,75.068604],[60.655371,75.055029],[60.533789,75.059277],[60.475586,75.054736],[60.276855,75.007568],[60.241113,74.970752],[60.454883,74.946143],[60.501367,74.904639],[60.43916,74.875342],[60.300781,74.837012],[60.222461,74.796582],[60.080078,74.755859],[59.982324,74.744629],[59.747266,74.745898],[59.734668,74.695459],[59.771484,74.664453],[59.752734,74.637012],[59.674023,74.610156],[59.595996,74.613721],[59.240137,74.692969],[59.182031,74.665771],[59.157031,74.61084],[59.146094,74.551904],[59.100977,74.50752],[59.04043,74.485547],[58.928223,74.462695],[58.534668,74.498926],[58.502148,74.464209],[58.562012,74.421826],[58.645703,74.328027],[58.665039,74.289258],[58.617871,74.227393],[58.441406,74.128857],[57.767383,74.013818],[57.778418,73.973926],[57.853418,73.897852],[57.872266,73.850439],[57.844922,73.805078],[57.755957,73.769189],[57.657422,73.768164],[57.603711,73.775488],[57.448535,73.825635],[57.313086,73.838037],[57.290918,73.814551],[57.464258,73.746045],[57.542578,73.658203],[57.459766,73.610303],[57.134375,73.504395],[56.963867,73.366553],[56.63418,73.304297],[56.430371,73.297217],[56.22832,73.314111],[56.03457,73.345898],[55.549219,73.356836],[55.280176,73.392041],[55.006836,73.453857],[54.768652,73.449414],[54.56582,73.418506],[54.299902,73.350977],[54.131543,73.481006],[54.20459,73.542041],[53.838672,73.697119],[53.762891,73.766162],[53.851367,73.800537],[53.963477,73.822314],[54.174023,73.885742],[54.386328,73.935645],[54.605664,73.951318],[54.642676,73.95957],[54.733398,74.033984],[54.83125,74.095752],[54.920313,74.129102],[55.022852,74.186621],[55.340918,74.419629],[55.416406,74.436133],[56.07832,74.481299],[56.137109,74.496094],[55.947461,74.542187],[55.751758,74.541211],[55.661523,74.556104],[55.610352,74.590527],[55.582227,74.627686],[55.659668,74.656299],[55.913672,74.796094],[56.217871,74.89751],[56.49873,74.95708],[56.428516,74.972949],[56.340039,75.013477],[55.998047,75.003369],[55.863184,75.05874],[55.821191,75.090625],[55.810059,75.124902],[55.920703,75.168359],[56.035547,75.194238],[56.162207,75.186572],[56.288672,75.164307],[56.389063,75.138184],[56.485254,75.096094],[56.570312,75.097754],[56.87627,75.244385],[56.829297,75.277734],[56.809473,75.328418],[56.844434,75.351416],[56.989453,75.375098],[57.0875,75.383838],[57.301758,75.373242],[57.606836,75.34126],[57.631543,75.356445],[57.708203,75.454492],[57.783398,75.506689],[58.093652,75.592529],[58.072559,75.618994],[58.058301,75.663086],[58.418359,75.719775],[58.652734,75.776807],[58.88125,75.854785],[58.994727,75.871729],[59.110449,75.87373],[59.346582,75.907031],[59.781934,75.94585],[60.036133,75.983838],[60.118164,76.066553],[60.279297,76.09624],[60.606152,76.108643],[60.730566,76.104053],[60.801172,76.068799],[60.942188,76.071289],[60.997754,76.089258],[61.053906,76.119873],[61.036914,76.169043],[61.034375,76.232959],[61.156934,76.273535],[61.20166,76.282031],[61.569434,76.298486],[61.787109,76.291016],[62.237305,76.241602],[62.471094,76.230469],[62.782031,76.245215],[62.971484,76.23667],[63.526172,76.309521],[64.463477,76.378174],[64.707617,76.426025],[64.95,76.484326],[65.072852,76.496729],[65.197168,76.499658],[65.309766,76.51792],[65.528418,76.567822],[65.636914,76.578662],[65.755176,76.579297],[65.862891,76.61333],[65.958887,76.687939],[66.062988,76.746094],[66.345215,76.821045],[66.828809,76.923828],[67.263672,76.96377],[67.534961,77.007764],[67.651855,77.011572],[68.017285,76.990625],[68.485742,76.933691],[68.699121,76.870654],[68.87334,76.7896],[68.911719,76.760547],[68.941699,76.707666],[68.890527,76.659717],[68.858008,76.610498],[68.899805,76.572949],[68.558594,76.449414],[68.222363,76.313477],[68.16543,76.284863],[67.765332,76.237598]]],[[[55.319824,73.308301],[55.787305,73.268604],[56.137695,73.256152],[56.350488,73.225537],[56.42959,73.201172],[56.397461,73.13916],[56.334668,73.113672],[56.188965,73.033008],[56.166992,72.983203],[56.192871,72.90498],[56.170508,72.848096],[56.12168,72.806592],[56.083789,72.789404],[55.819727,72.789502],[55.723438,72.766406],[55.718457,72.721533],[55.700977,72.671729],[55.616406,72.599072],[55.441309,72.575391],[55.40332,72.549072],[55.416895,72.501318],[55.355957,72.465088],[55.35957,72.408691],[55.39043,72.377832],[55.399121,72.313623],[55.518066,72.220654],[55.494922,72.182324],[55.40332,72.106885],[55.375,72.014893],[55.297852,71.935352],[55.471094,71.869238],[55.54668,71.78335],[55.613672,71.689893],[55.819336,71.507568],[56.043164,71.345605],[56.454395,71.107373],[56.894824,70.927002],[57.065625,70.876025],[57.483594,70.792285],[57.556445,70.76582],[57.625391,70.728809],[57.447168,70.661035],[57.263672,70.636035],[57.246973,70.605127],[57.145898,70.589111],[56.648828,70.646533],[56.62168,70.655371],[56.568652,70.697461],[56.510059,70.728809],[56.385742,70.734131],[56.260059,70.714746],[56.334766,70.676709],[56.417188,70.664941],[56.561328,70.593555],[56.499707,70.566406],[56.43457,70.562988],[56.14248,70.657861],[56.114746,70.646143],[56.087109,70.618359],[55.941602,70.649268],[55.907227,70.626318],[55.796875,70.615576],[55.706738,70.641895],[55.706445,70.675244],[55.687305,70.692188],[55.236914,70.666016],[55.05166,70.666748],[54.86709,70.678125],[54.645117,70.741846],[54.608203,70.713232],[54.601172,70.680078],[54.517383,70.693311],[54.332617,70.744678],[54.199414,70.764893],[53.722363,70.814453],[53.383594,70.873535],[53.467773,70.900586],[53.613574,70.914648],[53.615625,70.95083],[53.592578,71.000684],[53.587793,71.052295],[53.670508,71.086914],[53.857031,71.07041],[53.834277,71.126709],[53.922266,71.137598],[54.093945,71.105225],[54.155664,71.125488],[53.886133,71.196289],[53.59082,71.29668],[53.622168,71.332764],[53.515234,71.342529],[53.409961,71.340137],[53.319043,71.39917],[53.33252,71.477246],[53.411621,71.530127],[53.363867,71.54165],[52.908984,71.49502],[52.678711,71.505664],[52.418848,71.536865],[52.17998,71.490234],[51.937891,71.474707],[51.812598,71.491309],[51.691602,71.525146],[51.59043,71.571143],[51.511328,71.648096],[51.438672,71.776807],[51.428613,71.825537],[51.443555,71.934375],[51.482227,71.979785],[51.58252,72.071191],[51.653125,72.099365],[51.805469,72.142139],[51.885449,72.153223],[52.068652,72.131152],[52.252051,72.129736],[52.332324,72.153955],[52.406738,72.196729],[52.461914,72.252344],[52.586133,72.284033],[52.62207,72.300977],[52.661914,72.336865],[52.705762,72.390967],[52.713867,72.436963],[52.74873,72.482959],[52.863672,72.549854],[52.823242,72.59126],[52.839063,72.619287],[52.916602,72.668896],[52.683105,72.682324],[52.60498,72.704053],[52.528516,72.737354],[52.550586,72.768555],[52.579297,72.791357],[52.812207,72.875244],[52.913184,72.899951],[53.024219,72.913574],[53.134961,72.913232],[53.253516,72.90376],[53.369824,72.916748],[53.247266,72.973145],[53.237109,73.011182],[53.188965,73.104004],[53.197949,73.147559],[53.251172,73.182959],[53.357617,73.224561],[53.512207,73.238379],[53.633691,73.260254],[53.753223,73.293262],[53.865625,73.298975],[54.091016,73.276465],[54.202344,73.281348],[54.327637,73.299463],[54.676074,73.37002],[54.803906,73.387646],[54.940625,73.383252],[55.121387,73.356836],[55.319824,73.308301]]],[[[96.526563,81.075586],[96.563086,81.030078],[96.693262,80.994189],[96.75498,80.957861],[97.413672,80.841846],[97.703027,80.826709],[97.831836,80.798291],[97.869922,80.763281],[97.856445,80.698096],[97.747168,80.698682],[97.66543,80.678076],[97.221387,80.652441],[97.113086,80.614063],[97.025391,80.535547],[97.072559,80.519873],[97.115039,80.496582],[97.250195,80.362988],[97.286816,80.342529],[97.416992,80.323145],[97.298438,80.272754],[97.175195,80.241016],[95.855762,80.176953],[94.961328,80.150391],[94.66123,80.122803],[94.565039,80.126074],[94.328418,80.076025],[93.872363,80.010107],[93.654688,80.009619],[93.002344,80.1021],[92.201563,80.179297],[92.092188,80.22334],[91.891602,80.249268],[91.637402,80.269922],[91.523828,80.358545],[91.687793,80.418506],[91.89668,80.477539],[92.24668,80.499121],[92.57793,80.533252],[92.826758,80.618555],[92.981055,80.702979],[93.2625,80.79126],[92.772949,80.768652],[92.592578,80.780859],[92.610156,80.81001],[92.710352,80.872168],[92.764648,80.893066],[92.938672,80.92583],[93.065137,80.988477],[93.358691,81.031689],[93.497363,81.039209],[93.636719,81.038135],[93.888867,81.058398],[94.140137,81.089453],[94.375488,81.107373],[94.611621,81.114648],[94.837891,81.139404],[95.060938,81.188086],[95.15957,81.270996],[95.800684,81.280469],[95.901953,81.260596],[95.983984,81.211426],[96.075195,81.192773],[96.186914,81.183936],[96.471094,81.099268],[96.526563,81.075586]]],[[[97.674512,80.158252],[97.903613,80.09502],[98.017773,80.022852],[97.906738,80.00376],[97.80791,79.956299],[97.759961,79.89585],[97.626953,79.850439],[97.591309,79.774951],[97.65166,79.760645],[97.724512,79.781396],[97.870703,79.852637],[98.064551,79.901074],[98.273242,79.874121],[98.353125,79.884326],[98.499023,79.953125],[98.471875,80.009131],[98.531836,80.043604],[98.596484,80.052197],[98.865918,80.04541],[99.294922,80.016357],[99.370703,79.986377],[99.473047,79.970166],[99.536133,79.941309],[99.726562,79.919922],[99.818359,79.898193],[99.946582,79.848975],[100.06123,79.7771],[99.91582,79.73833],[99.839258,79.668945],[99.805469,79.653076],[99.781641,79.628271],[99.771094,79.567725],[99.748828,79.515186],[99.721191,79.491846],[99.70625,79.463477],[99.721582,79.385107],[99.680664,79.32334],[99.537305,79.276562],[99.387793,79.274756],[99.16709,79.306299],[99.104395,79.305371],[99.041797,79.293018],[99.317383,79.227197],[99.517285,79.130176],[99.750781,79.107666],[99.814648,79.09585],[99.899609,79.006396],[99.929297,78.961426],[99.54082,78.852734],[99.439551,78.834229],[98.819531,78.818262],[98.411133,78.787793],[98.28252,78.79502],[98.054199,78.820996],[97.905176,78.810205],[97.688574,78.827344],[97.555469,78.826562],[97.248145,78.868018],[96.93291,78.933936],[96.871191,78.963818],[96.807813,78.984961],[96.42998,79.003027],[96.347363,79.015869],[95.796484,79.001416],[95.702832,79.012012],[95.531055,79.098096],[95.436914,79.099316],[95.133203,79.049609],[95.02041,79.052686],[94.791016,79.086621],[94.652344,79.12749],[94.631641,79.140869],[94.619727,79.192383],[94.482129,79.218604],[94.31377,79.30752],[94.21875,79.402344],[93.758594,79.451416],[93.478711,79.462744],[93.272266,79.458398],[93.070801,79.495312],[93.404688,79.631592],[93.847266,79.70166],[94.038184,79.756006],[94.257129,79.829736],[94.347266,79.941943],[94.719434,80.01123],[94.815039,80.034814],[94.946777,80.089258],[94.987305,80.096826],[95.281348,80.030518],[95.337988,80.042139],[95.390723,80.072803],[95.497559,80.105615],[95.857813,80.11001],[96.1625,80.096826],[96.277344,80.110059],[96.416602,80.104346],[97.120508,80.153027],[97.586816,80.168262],[97.674512,80.158252]]],[[[102.884766,79.253955],[102.787305,79.176416],[102.745801,79.106055],[102.447852,78.87666],[102.412305,78.835449],[102.587305,78.871289],[102.747656,78.949561],[102.844824,79.014355],[102.950391,79.055762],[103.075684,79.056494],[103.199121,79.071289],[103.433398,79.126123],[103.672852,79.15],[103.800781,79.149268],[103.925684,79.123242],[104.004004,79.062549],[104.091113,79.013184],[104.404199,78.9771],[104.449219,78.963916],[104.476953,78.92334],[104.452051,78.880029],[104.633203,78.835156],[104.881055,78.854883],[105.014648,78.843311],[105.145996,78.818848],[105.20459,78.779932],[105.256055,78.733008],[105.310156,78.666162],[105.342676,78.593945],[105.312598,78.499902],[104.832617,78.352734],[104.741797,78.339746],[104.519434,78.349219],[104.297461,78.335059],[103.719336,78.258252],[103.003125,78.255859],[102.79668,78.187891],[102.734375,78.189893],[102.673145,78.201709],[102.617188,78.224609],[102.180469,78.205322],[101.692383,78.194336],[101.204102,78.191943],[101.039941,78.142969],[100.541211,78.04751],[100.082227,77.975],[99.84502,77.956836],[99.500293,77.976074],[99.391699,78.000684],[99.287109,78.038086],[99.438672,78.083936],[99.545605,78.178564],[99.67793,78.233496],[100.018945,78.338916],[100.05752,78.380371],[100.123535,78.470459],[100.162988,78.503955],[100.215039,78.535791],[100.257227,78.573828],[100.262695,78.631494],[100.283984,78.679199],[100.416406,78.753174],[100.515625,78.787793],[100.619629,78.797412],[100.875586,78.783594],[100.955762,78.788477],[100.897949,78.812451],[100.85625,78.897754],[100.864551,78.92583],[100.901367,78.980078],[100.96543,79.006543],[101.030859,79.023291],[101.068164,79.09624],[101.052246,79.123242],[101.148828,79.156885],[101.196094,79.204443],[101.310449,79.232617],[101.543066,79.254443],[101.555273,79.312646],[101.590625,79.350439],[101.643359,79.361377],[101.761328,79.371973],[101.824219,79.370215],[101.912109,79.311621],[102.005273,79.263672],[102.128516,79.25249],[102.25127,79.256055],[102.177246,79.312598],[102.180664,79.373389],[102.225098,79.412939],[102.282422,79.430078],[102.404883,79.433203],[102.789844,79.392139],[103.041602,79.331543],[103.097949,79.299121],[103.052441,79.28252],[102.939648,79.271191],[102.884766,79.253955]]],[[[140.04873,75.828955],[140.152148,75.809814],[140.274414,75.822412],[140.389063,75.79585],[140.496289,75.689795],[140.54668,75.663184],[140.602148,75.643945],[140.656738,75.634131],[140.815918,75.630713],[140.889258,75.652002],[140.944141,75.700488],[140.94043,75.749512],[140.926563,75.798926],[140.925781,75.866846],[140.950293,75.927344],[140.985352,75.964502],[141.032617,75.988965],[141.299316,76.06377],[141.485449,76.137158],[141.742285,76.108057],[142.001465,76.043555],[142.460352,75.903613],[142.669531,75.863428],[142.926758,75.826904],[143.185156,75.813623],[143.311133,75.822314],[143.559961,75.8604],[143.68584,75.863672],[145.255273,75.585596],[145.309766,75.564063],[145.359961,75.530469],[145.023438,75.489746],[144.803125,75.416064],[144.726758,75.365576],[144.814258,75.324512],[144.883496,75.268945],[144.407813,75.102295],[144.216016,75.05918],[144.019727,75.044678],[143.625879,75.083984],[143.396094,75.082861],[143.170313,75.116895],[142.92207,75.217432],[142.820117,75.267822],[142.729492,75.337646],[142.699609,75.448877],[142.734473,75.54458],[142.867578,75.571777],[142.986035,75.633252],[143.002441,75.659863],[142.941797,75.713281],[142.551563,75.720898],[142.30791,75.691699],[142.08623,75.660645],[142.151074,75.457568],[142.198828,75.392676],[142.264746,75.346143],[142.616797,75.133252],[142.696973,75.103076],[142.929688,75.062402],[143.12793,74.970313],[142.778223,74.867773],[142.626074,74.837402],[142.472754,74.82041],[142.378418,74.828564],[142.287402,74.849902],[142.18418,74.899609],[142.1,74.950977],[141.987305,74.99126],[141.748438,74.982568],[141.52998,74.947168],[141.310449,74.923193],[140.660742,74.881836],[140.463867,74.856055],[140.267871,74.846924],[140.011035,74.894775],[139.758203,74.96377],[139.68125,74.964062],[139.605859,74.945605],[139.548047,74.904053],[139.512305,74.837793],[139.430078,74.749219],[139.325586,74.686816],[139.215332,74.659668],[139.099121,74.656543],[138.981738,74.673682],[138.865625,74.700928],[138.092285,74.797461],[138.001367,74.827002],[137.915039,74.87085],[137.683008,75.008545],[137.568066,75.040576],[137.446973,75.054199],[137.217969,75.12373],[137.00625,75.23501],[136.962305,75.270361],[136.947656,75.325537],[136.982422,75.365332],[137.166016,75.346582],[137.289746,75.348633],[137.215234,75.554395],[137.268848,75.749414],[137.358496,75.781641],[137.706543,75.75957],[137.593555,75.823389],[137.501172,75.909668],[137.560547,75.955225],[137.625391,75.988184],[137.774414,76.015674],[137.977051,76.027783],[138.038672,76.047266],[138.095996,76.080518],[138.207617,76.114941],[138.430664,76.130078],[138.813965,76.199707],[138.919531,76.196729],[139.017578,76.160107],[139.10918,76.10835],[139.211328,76.080713],[139.528516,76.013428],[139.743359,75.953076],[140.04873,75.828955]]],[[[146.795215,75.370752],[147.060352,75.364307],[147.443555,75.437988],[147.496973,75.440527],[148.432422,75.413525],[148.508887,75.387451],[148.518848,75.336475],[148.48916,75.309375],[148.475,75.272412],[148.590137,75.236377],[148.892188,75.228125],[149.083203,75.262061],[149.645313,75.24458],[150.103906,75.219238],[150.280664,75.164014],[150.417188,75.134326],[150.530566,75.099854],[150.612891,75.120166],[150.690332,75.155322],[150.756934,75.162402],[150.822363,75.156543],[150.646289,74.94458],[150.580273,74.918945],[150.33125,74.866797],[149.838086,74.795312],[149.596875,74.772607],[149.050195,74.772461],[148.296875,74.800439],[148.092383,74.825684],[147.971875,74.857324],[147.740918,74.931982],[147.626855,74.958936],[147.257031,74.984277],[147.144043,74.998437],[146.924902,75.0625],[146.70332,75.114209],[146.148535,75.198291],[146.186133,75.295557],[146.257617,75.39375],[146.342969,75.480908],[146.438477,75.558203],[146.5375,75.581787],[146.750977,75.510449],[146.748242,75.428662],[146.795215,75.370752]]],[[[178.861523,70.826416],[178.792578,70.82207],[178.648242,71.000586],[178.62832,71.047363],[178.683887,71.105664],[178.829004,71.177881],[178.891113,71.231104],[179.235059,71.324512],[179.547656,71.447656],[179.715918,71.466211],[179.886426,71.52334],[180,71.537744],[180,70.993018],[179.881348,70.975684],[179.647656,70.898926],[179.152539,70.880273],[178.861523,70.826416]]],[[[142.761035,54.393945],[142.976172,54.140967],[142.985938,54.085693],[142.96709,54.028809],[142.926563,53.955615],[142.911426,53.878369],[142.936426,53.810938],[142.917969,53.794238],[143.095508,53.488672],[143.223633,53.296045],[143.259961,53.217285],[143.287891,53.134375],[143.324707,52.963086],[143.332617,52.700049],[143.323633,52.613574],[143.295117,52.52915],[143.264258,52.478662],[143.200977,52.44292],[143.172266,52.349365],[143.155566,52.08374],[143.190625,51.944482],[143.250586,51.8479],[143.294727,51.744336],[143.299512,51.632373],[143.320508,51.583252],[143.417773,51.520605],[143.455469,51.471484],[143.467383,51.401904],[143.472949,51.299219],[143.48877,51.277051],[143.53418,51.246289],[143.736035,50.506738],[143.816016,50.282617],[144.047949,49.895752],[144.141309,49.661475],[144.199609,49.549756],[144.239941,49.432031],[144.27207,49.311328],[144.341211,49.180518],[144.431738,49.051074],[144.606836,48.93584],[144.685547,48.87124],[144.706641,48.819531],[144.71377,48.640283],[144.672656,48.678564],[144.620996,48.814844],[144.536328,48.893555],[144.411816,48.986377],[144.283789,49.069775],[144.125488,49.208545],[144.04873,49.24917],[143.967773,49.276318],[143.819141,49.308594],[143.732324,49.312012],[143.382227,49.290674],[143.236328,49.262842],[143.10498,49.198828],[143.026855,49.10542],[142.97168,48.917773],[142.650977,48.246875],[142.574219,48.072168],[142.545898,47.884912],[142.556934,47.737891],[142.579004,47.683984],[142.670117,47.536914],[142.74541,47.452393],[142.800781,47.416162],[142.863965,47.391797],[142.905469,47.361865],[142.940332,47.322754],[143.005566,47.222705],[143.089258,47.000781],[143.17793,46.844043],[143.217676,46.794873],[143.318652,46.807373],[143.384375,46.805664],[143.447266,46.791992],[143.485645,46.752051],[143.540332,46.575098],[143.578711,46.406055],[143.580664,46.360693],[143.508594,46.230176],[143.490625,46.174609],[143.482324,46.11582],[143.463477,46.069482],[143.431641,46.028662],[143.418652,46.222021],[143.370313,46.358496],[143.352148,46.476221],[143.282324,46.558984],[143.047852,46.592627],[142.829297,46.605273],[142.795508,46.620215],[142.747363,46.670654],[142.691895,46.71084],[142.635742,46.716211],[142.578027,46.700781],[142.478809,46.644238],[142.406445,46.554688],[142.35,46.458691],[142.304004,46.357568],[142.208594,46.088867],[142.149707,45.999268],[142.077148,45.917041],[142.015625,45.961621],[141.961621,46.013477],[141.92998,46.088281],[141.916309,46.170752],[141.830371,46.451074],[141.866504,46.694189],[142.011035,47.030322],[142.038672,47.140283],[142.016895,47.244678],[141.98418,47.347705],[141.9625,47.543799],[141.964063,47.587451],[142.015625,47.700635],[142.075977,47.80835],[142.149219,47.902148],[142.181738,48.013379],[142.135352,48.290088],[142.028711,48.4771],[141.897266,48.654687],[141.873047,48.701953],[141.866309,48.750098],[141.97959,48.972168],[142.020117,49.078467],[142.066504,49.312061],[142.108691,49.439648],[142.142285,49.569141],[142.153125,50.216748],[142.143066,50.312109],[142.071094,50.51499],[142.066016,50.630469],[142.100488,50.776465],[142.147266,50.890186],[142.20791,50.998486],[142.206738,51.222559],[142.090723,51.429395],[142.005957,51.520508],[141.872949,51.630029],[141.771875,51.690186],[141.722363,51.736328],[141.771875,51.751807],[141.808105,51.789209],[141.720996,51.846777],[141.668457,51.93335],[141.66084,52.272949],[141.682422,52.359131],[141.747559,52.454834],[141.80332,52.555615],[141.855566,52.793506],[141.873633,53.038916],[141.838867,53.138477],[141.823535,53.339502],[141.852441,53.389453],[141.964453,53.456396],[142.141992,53.495605],[142.179883,53.484033],[142.318945,53.405469],[142.370508,53.402539],[142.424023,53.410742],[142.526172,53.447461],[142.583496,53.536768],[142.50918,53.587598],[142.552539,53.652637],[142.67959,53.674365],[142.688867,53.730176],[142.642871,53.736768],[142.683008,53.816016],[142.705957,53.895703],[142.670215,53.968408],[142.466602,54.148535],[142.334961,54.280713],[142.55166,54.278955],[142.615625,54.303613],[142.666211,54.358203],[142.692773,54.416113],[142.761035,54.393945]]],[[[-178.876465,71.577051],[-178.438965,71.541162],[-178.353564,71.529199],[-178.214697,71.481641],[-178.133887,71.465479],[-178.056641,71.437598],[-177.974805,71.390527],[-177.816992,71.33999],[-177.584131,71.281689],[-177.532178,71.263086],[-177.498486,71.219141],[-177.523584,71.166895],[-177.821777,71.067578],[-178.062695,71.041943],[-178.527979,71.014795],[-179.156885,70.939844],[-179.415674,70.918994],[-179.506689,70.923438],[-179.734033,70.97168],[-179.999951,70.993018],[-179.999951,71.184229],[-179.999951,71.399707],[-179.999951,71.537744],[-179.844873,71.550977],[-179.691016,71.577979],[-179.546387,71.582422],[-179.402051,71.56665],[-179.256494,71.57168],[-179.111572,71.596191],[-178.994043,71.593213],[-178.876465,71.577051]]],[[[35.816113,65.18208],[35.848438,65.142676],[35.858398,65.07793],[35.827344,65.036475],[35.842285,65.001465],[35.778711,64.97666],[35.680078,65.057617],[35.621387,65.058789],[35.558594,65.093604],[35.528906,65.151074],[35.585742,65.16709],[35.608691,65.157129],[35.729102,65.197559],[35.816113,65.18208]]],[[[42.713672,66.701709],[42.675586,66.688086],[42.477344,66.735059],[42.460059,66.770361],[42.468555,66.785547],[42.547461,66.795508],[42.631445,66.782227],[42.690723,66.735303],[42.713672,66.701709]]],[[[52.90332,71.36499],[52.994141,71.29126],[53.074023,71.237939],[53.141406,71.241895],[53.192578,71.215283],[53.205176,71.159717],[53.071484,71.065039],[53.048145,71.030957],[53.105762,70.999268],[53.120996,70.982031],[53.022656,70.968701],[53.004492,71.011621],[52.949609,71.053613],[52.835352,71.08584],[52.788965,71.114941],[52.738379,71.180664],[52.546582,71.250439],[52.425488,71.239258],[52.289453,71.270361],[52.249609,71.284912],[52.239844,71.325049],[52.296582,71.356836],[52.512598,71.385059],[52.617383,71.38335],[52.729688,71.355127],[52.720313,71.389795],[52.732227,71.403711],[52.776758,71.399805],[52.90332,71.36499]]],[[[168.039062,54.56499],[168.081348,54.512744],[167.677344,54.697656],[167.488086,54.794971],[167.441504,54.855859],[167.511719,54.856934],[167.59248,54.797754],[167.710645,54.770166],[167.882617,54.690479],[168.039062,54.56499]]],[[[160.718945,70.822705],[160.651367,70.805859],[160.504785,70.819727],[160.436914,70.851025],[160.44043,70.922656],[160.448535,70.934033],[160.56582,70.923779],[160.644922,70.883545],[160.718945,70.822705]]],[[[161.46709,68.900977],[161.422461,68.899658],[161.45625,68.966016],[161.461133,68.995605],[161.364063,69.044434],[161.18252,69.081592],[161.136523,69.110254],[161.125488,69.197021],[161.164551,69.333594],[161.082813,69.405664],[161.110742,69.469824],[161.32334,69.540918],[161.409766,69.595703],[161.505176,69.639453],[161.520703,69.634033],[161.617773,69.592432],[161.609277,69.500928],[161.540332,69.436523],[161.374414,69.413672],[161.350879,69.369336],[161.372656,69.292822],[161.377539,69.194434],[161.394238,69.106445],[161.494727,69.016016],[161.516992,68.96958],[161.506738,68.927588],[161.46709,68.900977]]],[[[152.885938,76.121729],[152.786328,76.085791],[152.558594,76.143604],[152.642773,76.174805],[152.799414,76.194824],[152.835059,76.185156],[152.86377,76.163428],[152.885938,76.121729]]],[[[149.150195,76.659912],[148.398633,76.648242],[148.448145,76.676953],[148.719629,76.746582],[149.406445,76.78208],[149.268359,76.747217],[149.204785,76.677002],[149.150195,76.659912]]],[[[137.959863,71.507666],[137.711816,71.423242],[137.612891,71.433936],[137.511816,71.474609],[137.457813,71.483496],[137.403223,71.477295],[137.344238,71.460547],[137.265527,71.455908],[137.078711,71.502197],[137.064063,71.529883],[137.081836,71.542725],[137.129492,71.556152],[137.168164,71.557129],[137.281836,71.579932],[137.816797,71.587891],[137.857617,71.583057],[137.933789,71.542773],[137.959863,71.507666]]],[[[107.695508,78.130908],[107.60625,78.082568],[107.481641,78.057764],[107.343848,78.098584],[107.00166,78.095654],[106.415527,78.139844],[106.583301,78.167578],[107.508301,78.189404],[107.573242,78.185547],[107.695508,78.130908]]],[[[112.478027,76.620898],[112.63252,76.552979],[112.66084,76.50957],[112.61416,76.499268],[112.586523,76.482959],[112.574805,76.452393],[112.531641,76.450049],[112.394824,76.483789],[112.296875,76.537988],[112.153809,76.549316],[112.002734,76.602979],[111.968945,76.626172],[112.011133,76.632861],[112.281445,76.618359],[112.394141,76.643799],[112.478027,76.620898]]],[[[96.532422,76.278125],[96.613965,76.263818],[96.589648,76.22124],[96.486719,76.23374],[96.350781,76.212158],[96.353418,76.17749],[96.300586,76.121729],[96.108789,76.155469],[95.844531,76.160254],[95.678613,76.193652],[95.311133,76.214746],[95.32207,76.261621],[95.379883,76.289062],[95.594434,76.249609],[95.78623,76.293896],[96.150977,76.271875],[96.270703,76.305371],[96.532422,76.278125]]],[[[96.285449,77.02666],[96.253516,77.007275],[96.209863,76.992139],[96.091406,77.002539],[95.854688,76.974951],[95.76582,76.990625],[95.680859,77.021338],[95.364062,77.011523],[95.270312,77.018848],[95.420703,77.056494],[95.854102,77.097559],[96.528418,77.205518],[96.561914,77.154053],[96.561328,77.12959],[96.424316,77.071191],[96.285449,77.02666]]],[[[89.514258,77.188818],[89.299512,77.183984],[89.179297,77.209912],[89.141699,77.226807],[89.200488,77.271973],[89.281543,77.301465],[89.616211,77.311035],[89.67959,77.280322],[89.66582,77.254492],[89.514258,77.188818]]],[[[74.660547,72.873437],[74.638379,72.86377],[74.588086,72.881152],[74.434766,72.907666],[74.180664,72.975342],[74.100195,73.021533],[74.142383,73.074365],[74.198535,73.109082],[74.408789,73.130469],[74.599902,73.121777],[74.725293,73.108154],[74.961523,73.0625],[74.742578,73.032715],[74.647266,72.969043],[74.660156,72.929297],[74.697168,72.907715],[74.660547,72.873437]]],[[[75.503711,73.456641],[75.344336,73.432275],[75.375,73.477393],[75.569727,73.540625],[75.930176,73.573633],[76.039453,73.559912],[76.051562,73.549268],[75.900977,73.481494],[75.827148,73.459131],[75.503711,73.456641]]],[[[83.549023,74.071777],[83.495801,74.048438],[83.45,74.05166],[83.410645,74.039551],[83.158984,74.075342],[82.817773,74.091602],[82.90293,74.128906],[83.149805,74.151611],[83.513477,74.122363],[83.618359,74.089453],[83.549023,74.071777]]],[[[67.344922,69.529834],[67.263965,69.442529],[67.097852,69.447168],[67.047266,69.467041],[67.025879,69.483203],[67.216113,69.575391],[67.328906,69.572119],[67.344922,69.529834]]],[[[66.560938,70.541748],[66.568555,70.501465],[66.51582,70.514893],[66.448633,70.561035],[66.407617,70.615771],[66.394824,70.727295],[66.418164,70.757129],[66.440234,70.772656],[66.462891,70.769336],[66.457715,70.698779],[66.560938,70.541748]]],[[[70.020703,66.502197],[69.844727,66.489746],[69.651367,66.565332],[69.469336,66.715967],[69.502734,66.751074],[69.616406,66.739014],[69.800391,66.736475],[69.917578,66.71167],[70.07666,66.695898],[70.057617,66.627197],[70.057227,66.599463],[70.110059,66.569092],[70.05918,66.517578],[70.020703,66.502197]]],[[[50.051758,80.074316],[49.970898,80.060742],[49.588281,80.136133],[49.556055,80.158936],[49.883691,80.230225],[50.250977,80.219482],[50.309961,80.185645],[50.319141,80.172363],[50.072266,80.109473],[50.051758,80.074316]]],[[[51.409277,79.944238],[51.435156,79.931934],[51.43125,79.920508],[51.07627,79.931982],[50.454102,79.924414],[50.091406,79.980566],[50.472656,80.035449],[50.675781,80.048535],[50.936328,80.094238],[51.254395,80.048633],[51.237891,80.010352],[51.242773,79.99126],[51.326953,79.972314],[51.409277,79.944238]]],[[[50.753711,81.047412],[50.616016,81.04126],[50.518164,81.045557],[50.411914,81.084375],[50.377441,81.102734],[50.368457,81.12251],[50.464941,81.126221],[50.505957,81.144238],[50.521582,81.158203],[50.591797,81.169434],[50.715918,81.170654],[50.878613,81.150879],[50.946191,81.108154],[50.78877,81.071826],[50.753711,81.047412]]],[[[55.479688,80.273828],[55.195117,80.226807],[55.048438,80.228369],[54.979688,80.256445],[55.091602,80.295557],[55.240039,80.325391],[55.353223,80.317676],[55.434766,80.302246],[55.479688,80.273828]]],[[[54.415332,80.472803],[54.275879,80.421338],[53.811914,80.476221],[53.85,80.503857],[53.900195,80.51543],[53.901563,80.54248],[53.858887,80.563037],[53.877246,80.605273],[54.176758,80.574365],[54.205371,80.561768],[54.407129,80.540137],[54.437305,80.498682],[54.415332,80.472803]]],[[[59.688867,79.955811],[59.330664,79.923047],[59.202637,79.932959],[59.169238,79.948291],[59.100391,79.96416],[58.919238,79.984619],[58.946094,80.042334],[59.001465,80.053906],[59.544531,80.118848],[59.80166,80.082666],[59.911035,79.994287],[59.688867,79.955811]]],[[[58.622363,81.04165],[58.761523,80.990967],[58.815332,80.933594],[58.902539,80.897656],[58.930566,80.831689],[58.859961,80.779395],[58.641895,80.767969],[58.285645,80.764893],[57.937891,80.793359],[57.749805,80.889062],[57.405176,80.915137],[57.210938,81.01709],[57.410254,81.046777],[57.65625,81.031543],[58.049512,81.118457],[58.102344,81.114258],[58.189941,81.09458],[58.507617,81.061768],[58.622363,81.04165]]],[[[47.983008,45.488232],[47.967676,45.469971],[47.920313,45.562061],[47.917578,45.618164],[47.947168,45.64707],[47.987109,45.554053],[47.983008,45.488232]]],[[[50.265234,69.185596],[50.283008,69.088867],[50.220605,69.048779],[50.164453,69.037549],[50.140918,69.098145],[50.093945,69.125537],[49.920801,69.053271],[49.839844,68.973779],[49.62627,68.859717],[49.180469,68.778418],[48.910352,68.743066],[48.666992,68.733154],[48.439063,68.804883],[48.315918,68.942383],[48.294434,68.984229],[48.278809,69.040332],[48.280273,69.096631],[48.296289,69.183887],[48.319922,69.269238],[48.413867,69.345654],[48.631348,69.436035],[48.844922,69.494727],[48.95332,69.509277],[49.225195,69.51123],[49.996289,69.309424],[50.167285,69.25708],[50.265234,69.185596]]],[[[63.373828,80.700098],[63.187598,80.697607],[63.002148,80.712842],[62.760449,80.762695],[62.520313,80.821875],[62.592578,80.853027],[62.819336,80.893799],[63.11582,80.966797],[63.614746,80.980908],[63.855957,80.981152],[64.095703,80.99834],[64.165918,81.035742],[64.210449,81.106348],[64.255859,81.144434],[64.310156,81.175195],[64.575391,81.198486],[64.802051,81.197266],[65.027734,81.169482],[65.171973,81.144043],[65.309766,81.096436],[65.382031,81.056738],[65.360059,81.008203],[65.37207,80.968018],[65.437402,80.930713],[64.997461,80.818896],[64.54834,80.75542],[63.373828,80.700098]]],[[[57.95625,80.123242],[57.800098,80.104053],[57.392285,80.13916],[57.332324,80.158105],[57.281445,80.193896],[57.214063,80.328271],[57.211719,80.368457],[57.18623,80.39624],[57.083398,80.445215],[57.011133,80.468311],[57.075,80.493945],[57.521973,80.475391],[58.480469,80.464746],[58.97168,80.415869],[59.115918,80.388428],[59.255469,80.343213],[58.397949,80.31875],[58.283887,80.297803],[58.285742,80.248145],[58.255469,80.201807],[58.163184,80.196533],[57.95625,80.123242]]],[[[62.167773,80.834766],[62.227734,80.794385],[62.191797,80.730225],[62.114551,80.683691],[62.075781,80.616943],[61.769141,80.601025],[61.68125,80.586328],[61.597461,80.534961],[61.285156,80.504736],[61.05127,80.418604],[60.722266,80.434668],[60.27832,80.494434],[59.900195,80.446094],[59.649805,80.43125],[59.346387,80.505029],[59.304395,80.521533],[59.288184,80.572656],[59.30625,80.617773],[59.386523,80.712549],[59.495117,80.766504],[59.549414,80.783594],[59.592285,80.816504],[59.71582,80.836377],[60.094531,80.848584],[60.234961,80.837744],[60.278027,80.801465],[60.481543,80.804248],[60.820215,80.826562],[61.313184,80.862646],[61.597461,80.89292],[61.850586,80.885937],[62.10293,80.866602],[62.167773,80.834766]]],[[[61.14082,80.950342],[60.826758,80.929688],[60.321094,80.955518],[60.058203,80.984619],[60.07832,80.99917],[60.147559,81.01665],[60.586621,81.087695],[61.457422,81.103955],[61.567383,81.050293],[61.471973,81.011035],[61.14082,80.950342]]],[[[53.521387,80.185205],[52.856348,80.173242],[52.635938,80.178857],[52.607031,80.191162],[52.550488,80.201855],[52.343555,80.213232],[52.213379,80.263721],[52.270215,80.276318],[52.57666,80.296924],[52.680566,80.318506],[52.716016,80.347559],[52.853906,80.402393],[53.185645,80.412646],[53.329199,80.402393],[53.345898,80.366309],[53.486133,80.323389],[53.85166,80.268359],[53.77793,80.22832],[53.65293,80.222559],[53.521387,80.185205]]],[[[57.078711,80.350928],[57.122656,80.316992],[57.118945,80.193945],[57.072754,80.139404],[57.080176,80.094678],[56.986914,80.071484],[56.200586,80.076465],[55.811621,80.087158],[55.724023,80.104736],[55.942285,80.163281],[56.012207,80.203906],[55.989844,80.320068],[56.024414,80.341309],[56.655078,80.330322],[56.707227,80.363281],[56.944531,80.366162],[57.078711,80.350928]]],[[[57.810254,81.546045],[57.862695,81.506445],[58.016602,81.483789],[58.436035,81.46416],[58.563867,81.418408],[58.371875,81.386963],[57.858691,81.368066],[57.911914,81.303271],[58.015332,81.254834],[57.912891,81.19751],[57.769727,81.169727],[57.450977,81.135547],[57.159473,81.178467],[56.821875,81.237939],[56.669238,81.198291],[56.5125,81.175244],[56.363965,81.178613],[56.191992,81.223975],[55.716699,81.188477],[55.572656,81.228076],[55.466016,81.311182],[55.781934,81.329443],[56.156836,81.303076],[56.404688,81.387012],[56.71875,81.423389],[56.973047,81.510547],[57.091504,81.541211],[57.365039,81.535254],[57.456445,81.542871],[57.716602,81.564648],[57.810254,81.546045]]],[[[54.718945,81.115967],[55.470703,81.019873],[56.170117,81.02915],[56.472266,80.998242],[56.909668,80.912891],[57.567773,80.819727],[57.694141,80.792285],[57.580371,80.755469],[56.814746,80.663623],[56.315527,80.632861],[55.883398,80.628418],[55.7125,80.637305],[55.540625,80.70332],[55.117188,80.751904],[54.668164,80.738672],[54.62334,80.765234],[54.532813,80.783008],[54.376074,80.786963],[54.066602,80.813623],[54.04541,80.871973],[54.240527,80.901855],[54.367285,80.903809],[54.416797,80.986523],[54.633984,81.113184],[54.718945,81.115967]]],[[[63.650977,81.609326],[63.528516,81.596582],[62.884961,81.608887],[62.573047,81.633057],[62.53125,81.647021],[62.515234,81.659131],[62.106445,81.679346],[62.283984,81.706543],[62.794922,81.718945],[63.70957,81.687305],[63.767383,81.66416],[63.782422,81.649805],[63.650977,81.609326]]],[[[58.29541,81.715186],[57.964844,81.695654],[57.920605,81.710498],[57.909277,81.721924],[57.945117,81.747852],[57.984961,81.797021],[58.13457,81.827979],[59.261816,81.854199],[59.408496,81.825439],[59.356836,81.780957],[59.356445,81.758984],[58.29541,81.715186]]],[[[92.683496,79.685205],[92.440625,79.675488],[92.153711,79.684668],[91.683594,79.790576],[91.37627,79.835498],[91.126074,79.904932],[91.070312,79.981494],[91.229297,80.030713],[91.425977,80.049219],[91.751953,80.052295],[92.173438,80.045459],[92.592773,79.996533],[93.481543,79.941113],[93.803125,79.904541],[93.603516,79.816748],[93.382031,79.783887],[93.155078,79.737598],[92.92627,79.704492],[92.683496,79.685205]]],[[[91.567187,81.141211],[91.222852,81.063818],[89.975781,81.113135],[89.919434,81.14873],[89.901172,81.170703],[90.069922,81.213721],[91.108984,81.199121],[91.477832,81.183936],[91.567187,81.141211]]],[[[141.010254,73.999463],[140.507227,73.918652],[140.409473,73.92168],[140.183203,74.00459],[140.101562,74.184277],[140.193555,74.236719],[140.300293,74.257227],[140.407422,74.266455],[140.849219,74.273779],[140.944336,74.264648],[141.038574,74.242725],[141.079492,74.209326],[141.097461,74.167822],[141.046875,74.050391],[141.010254,73.999463]]],[[[142.184863,73.895898],[142.435059,73.851562],[142.63916,73.803076],[143.34375,73.56875],[143.410742,73.52085],[143.463965,73.458887],[143.491309,73.246436],[143.451465,73.231299],[143.193262,73.220752],[142.841602,73.244824],[142.586914,73.25332],[142.342188,73.252881],[142.126367,73.281689],[141.59668,73.31084],[141.182715,73.389209],[140.754004,73.446045],[140.662793,73.452002],[140.39248,73.435352],[140.026953,73.361426],[139.925098,73.355225],[139.785547,73.355225],[139.685547,73.425732],[139.920117,73.448584],[140.155176,73.45752],[140.380664,73.483008],[140.593555,73.564551],[140.697461,73.62915],[140.883789,73.777539],[140.983594,73.831543],[141.084766,73.865869],[141.189941,73.876465],[141.311914,73.871875],[141.681934,73.904199],[141.931836,73.914941],[142.184863,73.895898]]],[[[135.948633,75.40957],[135.745898,75.381982],[135.451953,75.389551],[135.473047,75.463232],[135.523438,75.49585],[135.592676,75.576465],[135.56123,75.636475],[135.578418,75.709961],[135.613867,75.766309],[135.698633,75.845264],[135.788281,75.798486],[135.849219,75.729248],[135.904785,75.694385],[136.127344,75.625586],[136.168945,75.605566],[135.983398,75.521924],[135.965137,75.486133],[136.020508,75.438379],[135.948633,75.40957]]],[[[136.197461,73.913623],[136.12168,73.88501],[136.051465,73.929102],[135.714551,74.059521],[135.633398,74.121436],[135.448633,74.179688],[135.402441,74.201709],[135.387012,74.253369],[135.62832,74.219922],[136.036816,74.090332],[136.25918,73.984961],[136.197461,73.913623]]],[[[137.940527,55.092627],[138.03125,55.05332],[138.17207,55.060059],[138.206152,55.033545],[138.096484,54.990918],[138.016602,54.900879],[137.991211,54.820703],[137.959473,54.789014],[137.870117,54.749561],[137.790234,54.696924],[137.721484,54.663232],[137.661133,54.653271],[137.525586,54.82583],[137.462695,54.873389],[137.276074,54.792383],[137.23291,54.790576],[137.275195,54.891016],[137.384375,55.000684],[137.435547,55.016016],[137.543652,55.163086],[137.577344,55.197021],[137.910449,55.110059],[137.940527,55.092627]]],[[[169.200781,69.580469],[168.915723,69.571436],[168.348047,69.664355],[168.144336,69.71333],[167.992676,69.77583],[167.821289,69.819629],[167.788867,69.836865],[167.813965,69.873047],[167.864746,69.901074],[168.05957,69.974902],[168.196289,70.008398],[168.35791,70.015674],[169.374805,69.882617],[169.420703,69.856055],[169.433594,69.832178],[169.418164,69.779199],[169.332422,69.76958],[169.299121,69.734766],[169.263379,69.628711],[169.245801,69.601123],[169.200781,69.580469]]],[[[163.635156,58.603369],[163.471387,58.509375],[163.447266,58.524658],[163.431836,58.546143],[163.427246,58.578955],[163.576758,58.640869],[163.726562,58.798535],[163.784473,58.929736],[163.766602,58.972363],[163.760938,59.015039],[164.202148,59.096191],[164.517383,59.226758],[164.572656,59.221143],[164.629297,59.112207],[164.661621,58.970752],[164.615723,58.885596],[164.278809,58.838086],[163.960059,58.74375],[163.635156,58.603369]]],[[[166.650293,54.839062],[166.645117,54.694092],[166.521289,54.767627],[166.463672,54.826855],[166.381738,54.838086],[166.324805,54.864551],[166.229883,54.936523],[166.119727,55.030371],[166.082324,55.076563],[166.066309,55.135693],[165.991895,55.190479],[165.751074,55.294531],[165.830469,55.306934],[165.93125,55.351465],[166.211914,55.323975],[166.275781,55.311963],[166.22998,55.242334],[166.248047,55.16543],[166.404297,55.005615],[166.479492,54.949902],[166.577344,54.907715],[166.650293,54.839062]]],[[[154.810449,49.312012],[154.714844,49.267676],[154.610938,49.294043],[154.612988,49.380615],[154.824902,49.646924],[154.899609,49.630371],[154.883301,49.566406],[154.802344,49.468262],[154.829883,49.3479],[154.810449,49.312012]]],[[[156.405078,50.657617],[156.36543,50.633789],[156.325781,50.639062],[156.196289,50.702148],[156.167969,50.731885],[156.213086,50.784717],[156.376465,50.862109],[156.455859,50.85957],[156.4875,50.842969],[156.483105,50.751221],[156.405078,50.657617]]],[[[155.921094,50.302197],[155.792383,50.202051],[155.60752,50.177246],[155.516406,50.145605],[155.448926,50.077783],[155.397168,50.04126],[155.288672,50.061182],[155.243066,50.094629],[155.243066,50.212793],[155.195117,50.264551],[155.218359,50.297852],[155.326758,50.293262],[155.433887,50.368945],[155.680176,50.400732],[155.772754,50.482422],[155.884766,50.684131],[156.00166,50.756934],[156.096875,50.771875],[156.122852,50.671289],[156.100586,50.559277],[156.044434,50.451758],[155.921094,50.302197]]],[[[154.08125,48.790283],[154.042969,48.73877],[154.000684,48.755713],[153.992285,48.77251],[154.091699,48.832129],[154.126367,48.904443],[154.199023,48.904932],[154.228418,48.89209],[154.204688,48.857178],[154.08125,48.790283]]],[[[155.644824,50.821924],[155.553516,50.810596],[155.512793,50.837305],[155.483496,50.869629],[155.467383,50.913574],[155.568555,50.934473],[155.639648,50.910498],[155.653613,50.845361],[155.644824,50.821924]]],[[[153.101074,47.762939],[153.053809,47.706104],[153.004102,47.713477],[152.984277,47.72793],[153.049121,47.797021],[153.079199,47.80874],[153.101074,47.762939]]],[[[152.002051,46.897168],[151.815625,46.787109],[151.754102,46.78833],[151.723438,46.828809],[151.715332,46.852686],[151.864355,46.868994],[152.039844,47.01499],[152.16582,47.110449],[152.234668,47.143408],[152.288867,47.142187],[152.002051,46.897168]]],[[[149.687695,45.642041],[149.538867,45.591357],[149.44707,45.593359],[149.665918,45.839795],[149.796289,45.876074],[149.962305,46.021924],[150.308789,46.200342],[150.348633,46.213428],[150.553125,46.208545],[150.23457,46.012305],[150.19502,45.933203],[150.056641,45.849365],[149.954102,45.822461],[149.883398,45.783154],[149.687695,45.642041]]],[[[148.599512,45.317627],[148.414648,45.247168],[148.262305,45.216846],[148.005273,45.070166],[147.91377,44.990381],[147.784082,44.958594],[147.657813,44.977148],[147.621875,44.944727],[147.60957,44.886572],[147.563086,44.835547],[147.310156,44.677637],[147.207422,44.553564],[147.098438,44.53125],[146.897461,44.404297],[146.933496,44.513086],[146.974219,44.565723],[147.140918,44.66333],[147.154785,44.766211],[147.246582,44.856055],[147.430469,44.945215],[147.557813,45.062451],[147.65791,45.093018],[147.769434,45.190723],[147.885547,45.225635],[147.872656,45.300293],[147.924023,45.383301],[147.964551,45.377734],[148.056055,45.262109],[148.130078,45.258203],[148.324219,45.282422],[148.612305,45.484668],[148.706641,45.520654],[148.772656,45.526465],[148.812207,45.51001],[148.826172,45.486084],[148.825391,45.455908],[148.803027,45.413525],[148.837109,45.362695],[148.790723,45.323975],[148.599512,45.317627]]],[[[146.713965,43.743799],[146.683008,43.716357],[146.608594,43.740479],[146.613477,43.797021],[146.621973,43.812988],[146.824609,43.860498],[146.884082,43.82915],[146.899023,43.80415],[146.713965,43.743799]]],[[[146.207617,44.497656],[146.355957,44.424609],[146.567773,44.44043],[146.516211,44.374658],[146.436523,44.375684],[146.296191,44.280957],[146.172949,44.268652],[146.112305,44.245947],[145.914062,44.103711],[145.887305,44.047754],[145.766992,43.940723],[145.586816,43.845117],[145.555859,43.6646],[145.439258,43.737061],[145.426172,43.810352],[145.461719,43.870898],[145.666309,43.999072],[145.74834,44.071533],[145.77334,44.129004],[145.851953,44.193018],[145.890234,44.248584],[145.94043,44.272656],[146.112109,44.500146],[146.207617,44.497656]]],[[[113.387207,74.400439],[113.353125,74.352979],[113.299219,74.317139],[113.258887,74.272705],[113.190234,74.239307],[112.977637,74.196826],[112.811328,74.10293],[112.782422,74.095068],[112.195801,74.14624],[112.105078,74.163232],[111.912109,74.219238],[111.642969,74.272949],[111.503418,74.353076],[111.570117,74.368311],[111.6375,74.374316],[111.879785,74.363818],[111.949219,74.38877],[111.982813,74.456299],[111.989355,74.49624],[112.007617,74.526758],[112.084473,74.548975],[112.951758,74.47959],[113.28623,74.441016],[113.387207,74.400439]]],[[[76.248926,79.651074],[76.372559,79.615234],[76.467383,79.643164],[77.360156,79.556836],[77.549316,79.524414],[77.588965,79.501904],[76.810156,79.489502],[76.649512,79.493408],[76.636523,79.544434],[76.457617,79.545459],[76.153711,79.57876],[76.071875,79.625635],[76.051562,79.644727],[76.148438,79.664453],[76.248926,79.651074]]],[[[80.02666,80.848145],[79.098535,80.812061],[79.006836,80.834814],[78.977637,80.848242],[79.109863,80.923584],[79.217383,80.960352],[79.806641,80.975391],[80.27959,80.949805],[80.42793,80.927686],[80.37334,80.882617],[80.344824,80.86792],[80.02666,80.848145]]],[[[70.673926,73.09502],[70.380371,73.048096],[70.29834,73.044482],[70.118652,73.056299],[70.040723,73.037158],[69.920117,73.084521],[69.930371,73.126611],[69.985645,73.169238],[70.01875,73.224316],[69.995898,73.359375],[70.149609,73.444727],[70.35,73.477637],[70.940234,73.514404],[71.023242,73.504199],[71.141211,73.477979],[71.231641,73.447754],[71.351172,73.372217],[71.444922,73.34209],[71.589551,73.283154],[71.630469,73.224805],[71.626172,73.173975],[71.355664,73.162451],[70.886719,73.119629],[70.673926,73.09502]]],[[[77.63252,72.29126],[77.145605,72.281885],[76.905957,72.297656],[76.871094,72.317041],[76.903125,72.365576],[77.149512,72.439209],[77.260449,72.486133],[77.377832,72.565283],[77.578711,72.630859],[77.748535,72.631201],[78.279102,72.553223],[78.35293,72.504297],[78.365137,72.482422],[78.154492,72.416992],[78.007227,72.39248],[77.780859,72.308545],[77.63252,72.29126]]],[[[79.501465,72.721924],[79.430664,72.710693],[78.880566,72.751611],[78.690234,72.803418],[78.633203,72.850732],[78.656836,72.892285],[79.164258,73.094336],[79.356543,73.038623],[79.4125,72.983105],[79.541309,72.918652],[79.537891,72.769336],[79.501465,72.721924]]],[[[82.172363,75.419385],[82.208789,75.386963],[82.221582,75.350537],[82.179297,75.338965],[82.050098,75.340967],[81.978516,75.247119],[81.905078,75.262793],[81.860547,75.316504],[81.697656,75.280518],[81.654785,75.288916],[81.579297,75.330957],[81.532129,75.339551],[81.500586,75.36792],[81.712109,75.451416],[81.842188,75.407031],[81.926562,75.409961],[81.909766,75.46001],[81.912793,75.497705],[82.021875,75.513477],[82.165625,75.515625],[82.172363,75.419385]]],[[[60.450488,69.934863],[60.480664,69.885498],[60.477246,69.793701],[60.440234,69.725928],[60.327148,69.715283],[60.215918,69.687695],[60.026172,69.717041],[59.919531,69.696973],[59.812793,69.695654],[59.724609,69.706201],[59.637012,69.721045],[59.578223,69.738623],[59.58125,69.790869],[59.502637,69.866211],[59.381543,69.89043],[59.268359,69.898438],[59.144238,69.921924],[59.08252,69.910791],[59.004004,69.883301],[58.952734,69.892773],[58.680078,70.051025],[58.63418,70.088037],[58.605566,70.129199],[58.568066,70.155664],[58.473047,70.266846],[58.519922,70.318311],[58.615332,70.35083],[58.678027,70.35957],[58.794238,70.432959],[59.005273,70.465186],[59.048047,70.460498],[59.088281,70.437109],[59.309863,70.36167],[59.425977,70.310937],[59.529102,70.248975],[59.636328,70.197021],[59.955859,70.10835],[60.172266,70.022852],[60.392578,69.962402],[60.450488,69.934863]]],[[[20.957813,55.278906],[20.859375,55.183643],[20.594824,54.982373],[20.677734,54.955664],[20.774023,54.947021],[20.8875,54.909473],[20.995898,54.902686],[21.188867,54.935205],[21.222852,55.107764],[21.235742,55.264111],[21.297559,55.264453],[21.389258,55.275537],[21.44707,55.234424],[21.554688,55.195312],[21.682715,55.160352],[21.873926,55.100732],[22.072363,55.063672],[22.137891,55.059375],[22.346387,55.064258],[22.567285,55.059131],[22.627441,54.970703],[22.736523,54.928857],[22.824707,54.871289],[22.83125,54.838477],[22.709668,54.632617],[22.684473,54.562939],[22.679883,54.493018],[22.724316,54.405615],[22.766211,54.356787],[22.731836,54.350098],[22.168457,54.359863],[21.63418,54.376465],[21.140527,54.391797],[20.664746,54.406641],[20.208203,54.420752],[19.924316,54.433984],[19.644238,54.44707],[19.604395,54.45918],[19.758496,54.544824],[19.858887,54.633838],[19.944141,54.75],[19.953223,54.830469],[19.974512,54.921191],[20.107617,54.956494],[20.39668,54.95127],[20.520313,54.994873],[20.678906,55.102637],[20.845703,55.232031],[20.899805,55.28667],[20.957813,55.278906]]],[[[33.594141,46.09624],[33.654323,46.146222],[33.659965,46.219573],[33.806667,46.208288],[34.02672,46.106725],[34.128283,46.089798],[34.224203,46.101083],[34.353978,46.061586],[34.449898,45.965666],[34.523249,45.97695],[34.686878,45.97695],[34.794084,45.892315],[34.799726,45.790752],[34.946428,45.728686],[35.001674,45.733383],[35.022852,45.700977],[35.260156,45.446924],[35.373926,45.353613],[35.45752,45.316309],[35.558008,45.310889],[35.750977,45.389355],[35.833496,45.401611],[36.012891,45.37168],[36.077148,45.424121],[36.170508,45.453076],[36.290332,45.456738],[36.427051,45.433252],[36.575,45.393555],[36.514258,45.30376],[36.450781,45.232324],[36.428418,45.153271],[36.393359,45.065381],[36.229883,45.025977],[36.054785,45.030811],[35.870117,45.005322],[35.803613,45.0396],[35.759473,45.07085],[35.677539,45.102002],[35.569531,45.119336],[35.472559,45.098486],[35.357813,44.978418],[35.154785,44.896338],[35.087695,44.802637],[34.887793,44.823584],[34.716895,44.807129],[34.469922,44.72168],[34.281738,44.538428],[34.074414,44.423828],[33.909961,44.387598],[33.755664,44.398926],[33.655859,44.433203],[33.450684,44.553662],[33.462695,44.596826],[33.491309,44.618604],[33.530078,44.680518],[33.612207,44.907812],[33.601172,44.981494],[33.555176,45.097656],[33.39248,45.187842],[33.261523,45.170752],[33.186914,45.194775],[32.918652,45.348145],[32.772656,45.358984],[32.611328,45.328076],[32.551855,45.350391],[32.508008,45.403809],[32.828027,45.593018],[33.142285,45.749219],[33.280078,45.765234],[33.466211,45.837939],[33.664844,45.94707],[33.636719,46.032861],[33.594141,46.09624]]]]}},{"type":"Feature","properties":{"id":"eastmere"},"geometry":{"type":"Polygon","coordinates":[[[23.605273,51.51792],[23.658887,51.448975],[23.679688,51.394922],[23.657617,51.35249],[23.664453,51.310059],[23.712207,51.265137],[23.863477,51.126221],[23.938086,50.992529],[23.985742,50.94043],[24.095801,50.872754],[24.105762,50.844971],[24.061621,50.819531],[24.025977,50.816162],[23.99707,50.809375],[23.978418,50.785596],[24.007324,50.760156],[24.046289,50.722803],[24.094727,50.617041],[24.089941,50.530469],[24.052637,50.508447],[24.00498,50.457031],[23.972656,50.410059],[23.711719,50.377344],[23.649023,50.327051],[23.506152,50.229834],[23.408594,50.173926],[23.264453,50.072852],[23.036328,49.899072],[22.952246,49.826367],[22.890723,49.76626],[22.706152,49.606201],[22.649414,49.539014],[22.660645,49.483691],[22.719922,49.353809],[22.732422,49.295166],[22.721973,49.240967],[22.702344,49.192725],[22.705664,49.171191],[22.760156,49.13623],[22.84707,49.08125],[22.852051,49.062744],[22.839746,49.038916],[22.809766,49.020752],[22.70127,49.039941],[22.57998,49.077197],[22.538672,49.072705],[22.473047,49.081299],[22.202539,49.153223],[22.020117,49.209521],[22.002148,49.246094],[21.967676,49.299072],[21.890137,49.343457],[21.712109,49.381934],[21.639648,49.411963],[21.350488,49.42876],[21.225,49.429443],[21.136133,49.417041],[21.079395,49.418262],[21.001172,49.339844],[20.947266,49.31709],[20.868457,49.314697],[20.799512,49.328662],[20.729004,49.369922],[20.616113,49.391699],[20.53457,49.381201],[20.474512,49.390186],[20.422656,49.392334],[20.404688,49.384082],[20.362988,49.385254],[20.302539,49.365527],[20.236523,49.337646],[20.163672,49.316406],[20.107617,49.270752],[20.057617,49.181299],[19.916113,49.221387],[19.868945,49.204004],[19.802246,49.192334],[19.756641,49.204395],[19.767383,49.235205],[19.787988,49.269971],[19.787012,49.318555],[19.773926,49.372168],[19.730078,49.3896],[19.66416,49.396045],[19.630273,49.406641],[19.62666,49.424365],[19.593066,49.447119],[19.534766,49.504785],[19.479688,49.576367],[19.441602,49.597705],[19.38623,49.563623],[19.302344,49.524854],[19.250195,49.511426],[19.149414,49.4],[18.968359,49.39624],[18.957227,49.448291],[18.938184,49.498291],[18.832227,49.510791],[18.829297,49.540137],[18.806934,49.613721],[18.594629,49.757812],[18.568848,49.81792],[18.577148,49.841113],[18.562402,49.879346],[18.516211,49.902393],[18.348438,49.929834],[18.305273,49.914062],[18.266309,49.930273],[18.205273,49.964746],[18.099219,49.992773],[18.087695,50.007275],[18.049512,50.031934],[18.02832,50.035254],[18.014648,50.020264],[17.983789,49.999072],[17.874805,49.972266],[17.83125,49.983301],[17.791699,50.006592],[17.746582,50.056787],[17.681055,50.100781],[17.627051,50.116406],[17.596289,50.139502],[17.589355,50.157471],[17.709277,50.193555],[17.735449,50.230762],[17.720117,50.298633],[17.702246,50.307178],[17.654688,50.284229],[17.55459,50.264062],[17.462305,50.254785],[17.415234,50.254785],[17.151953,50.37832],[16.980762,50.416113],[16.880078,50.427051],[16.869141,50.414502],[16.914746,50.345215],[16.993359,50.259717],[16.989648,50.236914],[16.895313,50.201953],[16.841797,50.186719],[16.778613,50.157031],[16.725293,50.116064],[16.679102,50.097461],[16.63916,50.102148],[16.59668,50.121924],[16.487598,50.248389],[16.350488,50.345215],[16.33418,50.366895],[16.291309,50.371875],[16.230762,50.394092],[16.210352,50.42373],[16.240723,50.454687],[16.28252,50.483008],[16.356641,50.500488],[16.379102,50.516895],[16.392285,50.54165],[16.419727,50.573633],[16.4125,50.585156],[16.359961,50.621387],[16.282227,50.655615],[16.066406,50.629932],[16.007227,50.611621],[15.973828,50.635449],[15.948535,50.670264],[15.893945,50.676904],[15.819238,50.708691],[15.730566,50.739697],[15.643945,50.748877],[15.463965,50.793848],[15.394629,50.796289],[15.354395,50.811768],[15.312598,50.845752],[15.277051,50.883008],[15.258594,50.958545],[15.125977,50.992871],[14.99375,51.014355],[14.984473,51.003418],[14.989941,50.927246],[14.98291,50.886572],[14.895801,50.861377],[14.809375,50.858984],[14.814258,50.871631],[14.91748,51.00874],[14.963867,51.095117],[15.016602,51.252734],[14.953125,51.377148],[14.935547,51.435352],[14.905957,51.46333],[14.724707,51.523877],[14.710938,51.544922],[14.738672,51.627148],[14.724902,51.661719],[14.681348,51.698193],[14.623926,51.770801],[14.60166,51.832373],[14.674902,51.904834],[14.692969,51.958008],[14.724805,52.030859],[14.748145,52.070801],[14.752539,52.081836],[14.70459,52.110205],[14.692383,52.150049],[14.705371,52.207471],[14.679883,52.25],[14.615625,52.277637],[14.573926,52.31416],[14.55459,52.359668],[14.569727,52.431104],[14.619434,52.528516],[14.514063,52.645605],[14.253711,52.78252],[14.128613,52.878223],[14.138867,52.932861],[14.193652,52.982324],[14.293164,53.026758],[14.368555,53.105566],[14.410938,53.199023],[14.412305,53.216748],[14.414551,53.283496],[14.29873,53.556445],[14.279883,53.624756],[14.266113,53.707129],[14.258887,53.729639],[14.487598,53.671875],[14.583496,53.639355],[14.571582,53.675879],[14.552148,53.707324],[14.564941,53.753516],[14.558398,53.823193],[14.350879,53.85874],[14.213672,53.870752],[14.198242,53.919043],[14.211426,53.950342],[14.249316,53.931934],[14.38418,53.924707],[14.715723,54.018311],[15.288379,54.139893],[15.9,54.253955],[16.042773,54.266357],[16.186328,54.290381],[16.239355,54.333057],[16.292285,54.361621],[16.375586,54.436865],[16.559766,54.553809],[16.885449,54.596387],[17.007031,54.651855],[17.261914,54.729541],[17.842969,54.816699],[18.085645,54.83584],[18.323438,54.838184],[18.535156,54.769434],[18.759277,54.68457],[18.799609,54.63335],[18.67832,54.665283],[18.501563,54.741504],[18.43623,54.744727],[18.587109,54.512891],[18.669629,54.430908],[18.836426,54.36958],[18.97627,54.348926],[19.407129,54.386084],[19.560156,54.434619],[19.604395,54.45918],[19.644238,54.44707],[19.924316,54.433984],[20.208203,54.420752],[20.664746,54.406641],[21.140527,54.391797],[21.63418,54.376465],[22.168457,54.359863],[22.731836,54.350098],[22.766211,54.356787],[22.82373,54.395801],[22.893945,54.390527],[22.976758,54.366357],[23.015527,54.34834],[23.031934,54.327881],[23.042188,54.304199],[23.0875,54.299463],[23.170313,54.281445],[23.282324,54.240332],[23.370117,54.200488],[23.453613,54.143457],[23.481348,54.079004],[23.483008,54.005957],[23.477637,53.958936],[23.484668,53.939795],[23.598926,53.599219],[23.789258,53.270947],[23.85918,53.112109],[23.887109,53.027539],[23.909375,52.904883],[23.916309,52.81875],[23.91543,52.770264],[23.90127,52.703613],[23.844727,52.664209],[23.47959,52.551562],[23.410938,52.516211],[23.30332,52.428369],[23.204102,52.337891],[23.18125,52.306982],[23.175098,52.286621],[23.196973,52.256934],[23.327148,52.208447],[23.458398,52.169531],[23.501172,52.140381],[23.597949,52.103076],[23.633301,52.06958],[23.652441,52.040381],[23.651074,51.972998],[23.607422,51.879785],[23.625684,51.809326],[23.581348,51.762402],[23.544824,51.710254],[23.539648,51.618896],[23.605273,51.51792]]]}},{"type":"Feature","properties":{"id":"karmenia"},"geometry":{"type":"Polygon","coordinates":[[[35.840723,33.415674],[35.816125,33.361879],[35.792531,33.334107],[35.785024,33.291089],[35.800038,33.256121],[35.808618,33.208577],[35.826849,33.195117],[35.833283,33.163702],[35.817197,33.133173],[35.824704,33.108024],[35.84508,33.084665],[35.859022,32.989367],[35.887977,32.944379],[35.841863,32.875954],[35.833283,32.820094],[35.787305,32.734912],[35.734473,32.728906],[35.61123,32.68208],[35.594531,32.668018],[35.572852,32.640869],[35.569043,32.619873],[35.551465,32.395508],[35.484375,32.40166],[35.402637,32.450635],[35.386719,32.493018],[35.362109,32.507471],[35.303809,32.512939],[35.193262,32.534424],[35.065039,32.460449],[35.010547,32.338184],[34.999512,32.281055],[34.955957,32.160937],[34.971387,32.087109],[34.978809,31.991602],[34.989746,31.913281],[34.97832,31.866406],[34.953809,31.84126],[34.961133,31.82334],[34.983008,31.816797],[35.053223,31.837939],[35.127148,31.816748],[35.198047,31.776318],[35.203711,31.75],[35.153418,31.734473],[35.034668,31.673242],[34.950977,31.602295],[34.929199,31.536572],[34.872754,31.396875],[34.880469,31.368164],[34.907813,31.351318],[35.101172,31.366211],[35.27666,31.422803],[35.408691,31.48291],[35.450586,31.479297],[35.422852,31.325391],[35.423535,31.324854],[35.400684,31.230518],[35.409668,31.214453],[35.439258,31.132422],[35.383008,30.982275],[35.320117,30.860205],[35.297852,30.802246],[35.236621,30.673486],[35.174023,30.523926],[35.140625,30.420898],[35.148145,30.384326],[35.132617,30.195312],[35.141602,30.141699],[35.068164,29.977881],[35.053418,29.896924],[35.023926,29.787061],[34.973438,29.555029],[34.904297,29.477344],[34.869824,29.563916],[34.791113,29.812109],[34.735059,29.982031],[34.658594,30.191455],[34.529688,30.446045],[34.517773,30.507373],[34.489941,30.596289],[34.400977,30.827832],[34.328516,30.99502],[34.245313,31.208301],[34.34834,31.29292],[34.350195,31.362744],[34.525586,31.525635],[34.524121,31.54165],[34.477344,31.584863],[34.483984,31.592285],[34.678418,31.895703],[34.803809,32.196338],[34.921875,32.614062],[35.005859,32.826611],[35.077051,32.967187],[35.108594,33.083691],[35.22334,33.091992],[35.308887,33.079541],[35.41123,33.075684],[35.493164,33.119482],[35.53252,33.250488],[35.579297,33.271484],[35.60293,33.240625],[35.627246,33.275049],[35.734473,33.332617],[35.7875,33.369775],[35.840723,33.415674]]]}},{"type":"Feature","properties":{"id":"lydian"},"geometry":{"type":"MultiPolygon","coordinates":[[[[34.477344,31.584863],[34.524121,31.54165],[34.525586,31.525635],[34.350195,31.362744],[34.34834,31.29292],[34.245313,31.208301],[34.2125,31.292285],[34.198145,31.322607],[34.387305,31.483789],[34.477344,31.584863]]]]}},{"type":"Feature","properties":{"id":"northhaven"},"geometry":{"type":"Polygon","coordinates":[[[31.763379,52.101074],[31.57373,52.108105],[31.345996,52.105371],[31.217969,52.050244],[31.168457,52.062939],[31.079297,52.076953],[30.980664,52.046191],[30.845703,51.953076],[30.755273,51.895166],[30.667285,51.814111],[30.639453,51.770068],[30.583887,51.688965],[30.533008,51.596338],[30.560742,51.531494],[30.602344,51.47124],[30.611719,51.406348],[30.63252,51.35542],[30.576953,51.318359],[30.544531,51.265039],[30.449512,51.274316],[30.333398,51.325537],[30.308984,51.399609],[30.219531,51.451221],[30.160742,51.477881],[30.06377,51.482031],[29.908789,51.458008],[29.706055,51.439551],[29.553125,51.43457],[29.469629,51.40835],[29.346484,51.382568],[29.298828,51.413037],[29.230469,51.497021],[29.174219,51.580615],[29.135645,51.617285],[29.102051,51.627539],[29.060742,51.625439],[29.013086,51.598926],[28.977734,51.571777],[28.927539,51.562158],[28.849512,51.540186],[28.793262,51.510352],[28.73125,51.433398],[28.690234,51.438867],[28.647754,51.456543],[28.599023,51.542627],[28.532031,51.562451],[28.424609,51.563623],[28.291602,51.581836],[28.183789,51.607861],[28.144434,51.60166],[28.080273,51.565039],[28.010742,51.559766],[27.858594,51.592383],[27.828809,51.577441],[27.788867,51.52915],[27.741309,51.482568],[27.7,51.477979],[27.676758,51.489941],[27.689746,51.572412],[27.601367,51.601611],[27.452344,51.606104],[27.347656,51.594141],[27.296289,51.597412],[27.270117,51.613574],[27.141992,51.752051],[27.074121,51.76084],[26.952832,51.754004],[26.773438,51.770703],[26.566895,51.801904],[26.453418,51.813428],[26.394336,51.844434],[26.26709,51.855029],[25.925293,51.913525],[25.785742,51.923828],[25.580273,51.924756],[25.267188,51.937744],[25.066699,51.930518],[24.973828,51.911133],[24.866406,51.899121],[24.685156,51.888281],[24.611328,51.889502],[24.495215,51.883057],[24.361914,51.867529],[24.32373,51.838428],[24.280078,51.774707],[24.126855,51.664648],[23.97832,51.591309],[23.951172,51.585059],[23.864258,51.623975],[23.791699,51.637109],[23.706836,51.641309],[23.64668,51.628857],[23.608594,51.610498],[23.61377,51.525391],[23.605273,51.51792],[23.539648,51.618896],[23.544824,51.710254],[23.581348,51.762402],[23.625684,51.809326],[23.607422,51.879785],[23.651074,51.972998],[23.652441,52.040381],[23.633301,52.06958],[23.597949,52.103076],[23.501172,52.140381],[23.458398,52.169531],[23.327148,52.208447],[23.196973,52.256934],[23.175098,52.286621],[23.18125,52.306982],[23.204102,52.337891],[23.30332,52.428369],[23.410938,52.516211],[23.47959,52.551562],[23.844727,52.664209],[23.90127,52.703613],[23.91543,52.770264],[23.916309,52.81875],[23.909375,52.904883],[23.887109,53.027539],[23.85918,53.112109],[23.789258,53.270947],[23.598926,53.599219],[23.484668,53.939795],[23.559082,53.919824],[23.733691,53.912256],[23.872559,53.935693],[23.944434,53.938965],[24.008496,53.931641],[24.103906,53.94502],[24.191309,53.950439],[24.236621,53.919971],[24.317969,53.892969],[24.478516,53.931836],[24.620703,53.979834],[24.768164,53.974658],[24.789258,53.998242],[24.825684,54.118994],[24.869531,54.145166],[25.046094,54.133057],[25.111426,54.154932],[25.179492,54.214258],[25.283691,54.25127],[25.370605,54.251221],[25.461133,54.292773],[25.505664,54.264941],[25.527344,54.215137],[25.497363,54.175244],[25.510352,54.159619],[25.573047,54.139893],[25.680566,54.140479],[25.749219,54.156982],[25.765234,54.179785],[25.765039,54.221191],[25.748145,54.259668],[25.702539,54.292969],[25.616895,54.310107],[25.55752,54.310693],[25.547363,54.331836],[25.567578,54.377051],[25.620313,54.4604],[25.685156,54.535791],[25.724805,54.564258],[25.731641,54.590381],[25.723926,54.636035],[25.722461,54.717871],[25.780859,54.833252],[25.859277,54.919287],[25.964453,54.947168],[26.092969,54.962305],[26.175195,55.003271],[26.21582,55.050391],[26.23125,55.090137],[26.250781,55.124512],[26.291797,55.1396],[26.601172,55.130176],[26.648438,55.204199],[26.675,55.224902],[26.734375,55.246777],[26.775684,55.273096],[26.760156,55.293359],[26.68125,55.306445],[26.495313,55.318018],[26.457617,55.34248],[26.469531,55.371924],[26.519238,55.448145],[26.566602,55.546484],[26.59082,55.622656],[26.593555,55.667529],[26.620215,55.679639],[26.771875,55.693994],[26.822461,55.709229],[26.953027,55.812939],[27.052539,55.830566],[27.30918,55.803906],[27.427148,55.805957],[27.45918,55.803516],[27.576758,55.798779],[27.589453,55.80918],[27.642285,55.911719],[27.694238,55.941553],[27.896289,56.076172],[28.032031,56.133301],[28.117871,56.145801],[28.147949,56.14292],[28.284277,56.055908],[28.316309,56.052539],[28.39209,56.086719],[28.407031,56.089014],[28.563965,56.091992],[28.636914,56.061768],[28.69082,56.002637],[28.74082,55.955371],[28.794727,55.942578],[28.947461,56.0021],[29.031738,56.021777],[29.087402,56.021143],[29.283008,55.967871],[29.375,55.938721],[29.396094,55.912207],[29.397949,55.881055],[29.373145,55.834717],[29.353418,55.784375],[29.412988,55.724854],[29.482227,55.68457],[29.630078,55.751172],[29.68457,55.769727],[29.744141,55.77041],[29.823926,55.795117],[29.881641,55.832324],[29.937012,55.845264],[30.042676,55.836426],[30.233594,55.845215],[30.45625,55.786816],[30.475391,55.768799],[30.586719,55.700293],[30.625586,55.66626],[30.662305,55.655469],[30.72168,55.622119],[30.800781,55.601123],[30.855957,55.60752],[30.882227,55.596387],[30.906836,55.57002],[30.908789,55.525342],[30.900586,55.397412],[30.861816,55.3604],[30.820996,55.330273],[30.810547,55.306982],[30.814453,55.278711],[30.877441,55.223437],[30.958887,55.137598],[30.977734,55.087793],[30.977734,55.050488],[30.866797,54.940723],[30.829883,54.91499],[30.804492,54.860937],[30.791016,54.806006],[30.798828,54.783252],[30.98418,54.695898],[31.121289,54.648486],[31.152148,54.625342],[31.154883,54.610937],[31.081934,54.51709],[31.074805,54.491797],[31.184766,54.452979],[31.245508,54.39165],[31.299121,54.291699],[31.403613,54.195947],[31.628418,54.111182],[31.791992,54.055908],[31.825977,54.030713],[31.837793,54.000781],[31.825293,53.93501],[31.783008,53.85498],[31.754199,53.810449],[31.820801,53.791943],[31.992188,53.796875],[32.200391,53.78125],[32.450195,53.69292],[32.450977,53.65332],[32.425195,53.617285],[32.442383,53.579248],[32.469629,53.546973],[32.685742,53.448145],[32.706445,53.419434],[32.710254,53.371436],[32.704297,53.336328],[32.644434,53.328906],[32.578027,53.312402],[32.469336,53.270312],[32.42627,53.210596],[32.250684,53.128369],[32.141992,53.091162],[32.055469,53.089453],[31.849707,53.106201],[31.777441,53.146875],[31.747461,53.18418],[31.668262,53.200928],[31.562988,53.20249],[31.417871,53.196045],[31.388379,53.184814],[31.364551,53.138965],[31.30293,53.060889],[31.258789,53.016699],[31.295117,52.989795],[31.353027,52.933447],[31.442773,52.861816],[31.535156,52.798242],[31.564844,52.759229],[31.563477,52.731445],[31.519434,52.69873],[31.526172,52.633008],[31.615918,52.546191],[31.585547,52.532471],[31.576563,52.426025],[31.577344,52.312305],[31.601562,52.284814],[31.649902,52.262207],[31.690625,52.220654],[31.758594,52.12583],[31.763379,52.101074]]]}}]}